precision,comparator,period,variable,scope,cluster,n_supports,weighted_mean_support_rmse,weighted_pooled_hourly_rmse,weighted_median_support_rmse,weighted_p95_support_rmse,observed_maximum_support_rmse,unweighted_mean_support_rmse
precision1,assigned_class_medoid,daytime,dry_bulb_temperature,citywide_nonmedoid,,105,0.040217810582075,0.0446259476106771,0.0384636458853619,0.0699641134364594,0.2204551124855229,0.0481455873207443
precision1,assigned_class_medoid,daytime,dry_bulb_temperature,class,0.0,15,0.0351000094895884,0.0362137690378382,0.0388181570282322,0.0473739615975159,0.0473739615975159,0.0355044157406062
precision1,assigned_class_medoid,daytime,dry_bulb_temperature,class,1.0,15,0.0342365876664866,0.035656984915591,0.0324424323305931,0.0504997852520412,0.0701108059727974,0.0379544507788314
precision1,assigned_class_medoid,daytime,dry_bulb_temperature,class,2.0,15,0.0387290182976179,0.0416133202580772,0.0339553830272857,0.0785281265959316,0.0785281265959316,0.0410950039202306
precision1,assigned_class_medoid,daytime,dry_bulb_temperature,class,3.0,15,0.0364019371220482,0.0377117503930098,0.0380758675475388,0.052123842693809,0.0550010377652198,0.0393022662720113
precision1,assigned_class_medoid,daytime,dry_bulb_temperature,class,4.0,15,0.0406629826177947,0.0417853639457494,0.0394887418208482,0.0569787271046463,0.0694235889535851,0.0432441729569436
precision1,assigned_class_medoid,daytime,dry_bulb_temperature,class,5.0,15,0.0422053070278278,0.0461653137436957,0.0468895525355734,0.0699641134364594,0.1046847845180427,0.0472082778990061
precision1,assigned_class_medoid,daytime,dry_bulb_temperature,class,6.0,15,0.0945159733398162,0.1064016049970015,0.0901925894757824,0.2204551124855229,0.2204551124855229,0.092710523677581
precision1,assigned_class_medoid,daytime,relative_humidity,citywide_nonmedoid,,105,0.107296303844217,0.1322029693172489,0.0943615895851755,0.2109502310972899,0.8702713060412377,0.1409546238859478
precision1,assigned_class_medoid,daytime,relative_humidity,class,0.0,15,0.096053389805667,0.1017971550989361,0.0935475363251828,0.1478305830284748,0.1478305830284748,0.0969952834478888
precision1,assigned_class_medoid,daytime,relative_humidity,class,1.0,15,0.0993337954938779,0.1076486398614403,0.0976083872434842,0.1648508389021966,0.2579290547035637,0.1153286748730928
precision1,assigned_class_medoid,daytime,relative_humidity,class,2.0,15,0.1099864004825975,0.1293394546619714,0.0832145271827375,0.2849256892627032,0.2849256892627032,0.1189861083008744
precision1,assigned_class_medoid,daytime,relative_humidity,class,3.0,15,0.0829836040346367,0.0891297037679087,0.0739770419774001,0.1552358641422198,0.1620149945143614,0.0916363215668089
precision1,assigned_class_medoid,daytime,relative_humidity,class,4.0,15,0.0938099451570862,0.0991953450015522,0.0924550983206412,0.1483085762521989,0.2036314156132533,0.1022734178528614
precision1,assigned_class_medoid,daytime,relative_humidity,class,5.0,15,0.1091834475890628,0.1268565917516466,0.1151036856381611,0.2086923846610727,0.3965173733864134,0.1307073327586421
precision1,assigned_class_medoid,daytime,relative_humidity,class,6.0,15,0.3400125726668757,0.3985582409344677,0.3294592220524928,0.8702713060412377,0.8702713060412377,0.3307552284014662
precision1,assigned_class_medoid,nighttime,dry_bulb_temperature,citywide_nonmedoid,,105,0.0592118806982048,0.0699078053911564,0.0562528538088854,0.1058343670175672,0.4448359196757721,0.0740811108751816
precision1,assigned_class_medoid,nighttime,dry_bulb_temperature,class,0.0,15,0.0613586151010075,0.064996686053159,0.0557022416607033,0.094325289684011,0.094325289684011,0.0616974813080157
precision1,assigned_class_medoid,nighttime,dry_bulb_temperature,class,1.0,15,0.0610460895722444,0.0669272976626695,0.0615811451900853,0.1014844163307395,0.1258215014546818,0.0696593240115896
precision1,assigned_class_medoid,nighttime,dry_bulb_temperature,class,2.0,15,0.0697473368760946,0.0827170090054996,0.0624646018479128,0.1652727094627261,0.1652727094627261,0.0733989021377925
precision1,assigned_class_medoid,nighttime,dry_bulb_temperature,class,3.0,15,0.0500163615063324,0.0543109789076746,0.0478773165802175,0.0947720167550388,0.0947720167550388,0.0517089236294276
precision1,assigned_class_medoid,nighttime,dry_bulb_temperature,class,4.0,15,0.0483968450645314,0.0506463872983586,0.0483990263685609,0.0708880395782753,0.0830497457790967,0.0508638357725167
precision1,assigned_class_medoid,nighttime,dry_bulb_temperature,class,5.0,15,0.0509523355988587,0.0551732411687197,0.0551668287599875,0.074851451061602,0.1179931117871875,0.0570844235786973
precision1,assigned_class_medoid,nighttime,dry_bulb_temperature,class,6.0,15,0.1589259289960594,0.1873554294557474,0.1446772506281311,0.4448359196757721,0.4448359196757721,0.1541548856882316
precision1,assigned_class_medoid,nighttime,relative_humidity,citywide_nonmedoid,,105,0.1800398341856522,0.2401516524981831,0.1443138386235528,0.4066120181860507,1.752467275731965,0.2464182309325114
precision1,assigned_class_medoid,nighttime,relative_humidity,class,0.0,15,0.1913030737098375,0.217891182913361,0.1433933186575179,0.3703725139461055,0.3703725139461055,0.1913369180012876
precision1,assigned_class_medoid,nighttime,relative_humidity,class,1.0,15,0.1938690461968548,0.2279151035256235,0.1791851163910469,0.4012252922733278,0.5074063334395935,0.2355564218868949
precision1,assigned_class_medoid,nighttime,relative_humidity,class,2.0,15,0.2413724600091052,0.314112429350775,0.1782525528645796,0.6783760490516603,0.6783760490516603,0.258154895991508
precision1,assigned_class_medoid,nighttime,relative_humidity,class,3.0,15,0.1402695572219022,0.1677359432010617,0.1157761183882112,0.3524053031906515,0.3524053031906515,0.1463879669409466
precision1,assigned_class_medoid,nighttime,relative_humidity,class,4.0,15,0.1217856920011125,0.1329696356285549,0.1139574542092925,0.2208534711245503,0.2859295503486079,0.1334435450158207
precision1,assigned_class_medoid,nighttime,relative_humidity,class,5.0,15,0.140003334686168,0.1610498447976134,0.1443138386235528,0.2491492373372903,0.4711711823796346,0.1683219608846329
precision1,assigned_class_medoid,nighttime,relative_humidity,class,6.0,15,0.6099702204616212,0.7279936542552444,0.5624940385275168,1.752467275731965,1.752467275731965,0.5917259078064893
precision1,assigned_class_medoid,summer,dry_bulb_temperature,citywide_nonmedoid,,105,0.0495637215980858,0.0572616652051039,0.0476448993059329,0.0804133220799993,0.3184877175489005,0.0617441350877798
precision1,assigned_class_medoid,summer,dry_bulb_temperature,class,0.0,15,0.0478016148278881,0.0498428229434771,0.048214948290086,0.0693451019856406,0.0693451019856406,0.0480591824901833
precision1,assigned_class_medoid,summer,dry_bulb_temperature,class,1.0,15,0.0474915548080015,0.0506870568584852,0.0486381007562285,0.0713836705087413,0.0983354172234501,0.0537265592241291
precision1,assigned_class_medoid,summer,dry_bulb_temperature,class,2.0,15,0.053021276220611,0.0601925048451307,0.0476209991793697,0.1191767449595856,0.1191767449595856,0.05597908905055
precision1,assigned_class_medoid,summer,dry_bulb_temperature,class,3.0,15,0.043604349125257,0.0463858208462994,0.04246502900652,0.0803708390328782,0.0803708390328782,0.0456084213513291
precision1,assigned_class_medoid,summer,dry_bulb_temperature,class,4.0,15,0.0442149498105262,0.0456300544397741,0.044787496628864,0.0606206514974735,0.0804133220799993,0.0470493046849947
precision1,assigned_class_medoid,summer,dry_bulb_temperature,class,5.0,15,0.0454074010128764,0.0496352749025406,0.0509025999457652,0.0741067019822669,0.1121693684261204,0.0510790668872844
precision1,assigned_class_medoid,summer,dry_bulb_temperature,class,6.0,15,0.1348281634686084,0.1556344879633087,0.1306858048881798,0.3184877175489005,0.3184877175489005,0.1307073219259884
precision1,assigned_class_medoid,summer,relative_humidity,citywide_nonmedoid,,105,0.1293893109669803,0.171211267677156,0.1094571802895538,0.2715611280465929,1.1513208143199438,0.1789273541295307
precision1,assigned_class_medoid,summer,relative_humidity,class,0.0,15,0.1290796245460801,0.1435903131679556,0.1029505513785327,0.2327324425163704,0.2327324425163704,0.1288819584884889
precision1,assigned_class_medoid,summer,relative_humidity,class,1.0,15,0.1289540889725885,0.1480582714298606,0.1188610950948217,0.2448095055120838,0.3413916659513769,0.1562044125715009
precision1,assigned_class_medoid,summer,relative_humidity,class,2.0,15,0.1547100753770511,0.1952320365174762,0.1216256761550872,0.4300792064975549,0.4300792064975549,0.1656245947224717
precision1,assigned_class_medoid,summer,relative_humidity,class,3.0,15,0.1051896451682347,0.1218215563422212,0.0828125805495021,0.2715611280465929,0.2715611280465929,0.1098767051686881
precision1,assigned_class_medoid,summer,relative_humidity,class,4.0,15,0.0961254215948864,0.103096807370854,0.0909121956747518,0.1555807616840626,0.2503503919736983,0.1070885588341002
precision1,assigned_class_medoid,summer,relative_humidity,class,5.0,15,0.1060683879080838,0.1238456573076364,0.1094571802895538,0.2116431078494695,0.384457249963088,0.1284355106182151
precision1,assigned_class_medoid,summer,relative_humidity,class,6.0,15,0.4725930094427942,0.5565052380865171,0.4669983208684899,1.1513208143199438,1.1513208143199438,0.45637973850325
precision1,assigned_class_medoid,summer_day,dry_bulb_temperature,citywide_nonmedoid,,105,0.0370858869256542,0.0415089663038491,0.0336731314466113,0.0606581991328466,0.1879692064847882,0.0443619242660514
precision1,assigned_class_medoid,summer_day,dry_bulb_temperature,class,0.0,15,0.0294422664828452,0.0306334844402973,0.0309973851650005,0.0407131329983681,0.040880562627349,0.0300225458435751
precision1,assigned_class_medoid,summer_day,dry_bulb_temperature,class,1.0,15,0.0294047557944944,0.0305589038076093,0.0270767646510962,0.042572128871463,0.0606957235404768,0.0324535913252505
precision1,assigned_class_medoid,summer_day,dry_bulb_temperature,class,2.0,15,0.0326304468189349,0.0343274305426739,0.0316515638416931,0.0606581991328466,0.0606581991328466,0.0345875487734818
precision1,assigned_class_medoid,summer_day,dry_bulb_temperature,class,3.0,15,0.0353268041525902,0.0366589508316574,0.0398082837302981,0.0502724815815927,0.0536890460075627,0.0381183455842886
precision1,assigned_class_medoid,summer_day,dry_bulb_temperature,class,4.0,15,0.0393473737450556,0.0405757482461555,0.0367138295786684,0.0584405727765231,0.0725228435841429,0.0423296138949614
precision1,assigned_class_medoid,summer_day,dry_bulb_temperature,class,5.0,15,0.040490385928394,0.044901297190312,0.0417621855955779,0.0722712457968907,0.107187084288413,0.0454867673935321
precision1,assigned_class_medoid,summer_day,dry_bulb_temperature,class,6.0,15,0.0891146033592091,0.0992242807691422,0.0885524141661016,0.1879692064847882,0.1879692064847882,0.0875350570472705
precision1,assigned_class_medoid,summer_day,relative_humidity,citywide_nonmedoid,,105,0.077556654824863,0.0979412688020915,0.0650766676896998,0.148612281458715,0.6272246382376782,0.1025255755974413
precision1,assigned_class_medoid,summer_day,relative_humidity,class,0.0,15,0.0565194749852529,0.0588999279613487,0.0604325633881973,0.0777354816038476,0.0777647660206348,0.0577055130159606
precision1,assigned_class_medoid,summer_day,relative_humidity,class,1.0,15,0.0589049377341737,0.0627502159414122,0.0534765835753605,0.0901072018898743,0.1622923221049217,0.0680715350642783
precision1,assigned_class_medoid,summer_day,relative_humidity,class,2.0,15,0.0665507432582609,0.0723678810533268,0.0596742828731932,0.148612281458715,0.148612281458715,0.0716664252202936
precision1,assigned_class_medoid,summer_day,relative_humidity,class,3.0,15,0.068020269035839,0.0714017389337791,0.0739221270954573,0.1138016681430072,0.1138016681430072,0.0742741265287118
precision1,assigned_class_medoid,summer_day,relative_humidity,class,4.0,15,0.0754916438298573,0.0796843495825142,0.0713836705087413,0.1216163156535798,0.1901969068833091,0.0841325452701989
precision1,assigned_class_medoid,summer_day,relative_humidity,class,5.0,15,0.0863932753029062,0.1032164549585357,0.0837693511341431,0.1918536745089511,0.3498243118771591,0.1040229790398178
precision1,assigned_class_medoid,summer_day,relative_humidity,class,6.0,15,0.2651858661138884,0.3113099410664885,0.2691736663557204,0.6272246382376782,0.6272246382376782,0.2578059050428283
precision1,assigned_class_medoid,summer_night,dry_bulb_temperature,citywide_nonmedoid,,105,0.0582764893868641,0.0695327427943752,0.0545723563400256,0.1019393012008914,0.4180196612104148,0.0738890442435355
precision1,assigned_class_medoid,summer_night,dry_bulb_temperature,class,0.0,15,0.0599518150309704,0.0634838847976058,0.0545723563400255,0.0897273749838566,0.0897273749838566,0.0601228478552983
precision1,assigned_class_medoid,summer_night,dry_bulb_temperature,class,1.0,15,0.0592644733006986,0.0648421842940836,0.0617002566913147,0.0953136897489123,0.1251228904114592,0.0676926312525374
precision1,assigned_class_medoid,summer_night,dry_bulb_temperature,class,2.0,15,0.0658792176209141,0.0778967444210607,0.0627612935141567,0.1572474990461984,0.1572474990461984,0.0693831613122425
precision1,assigned_class_medoid,summer_night,dry_bulb_temperature,class,3.0,15,0.0495774694991265,0.0544004602470613,0.0440958551844098,0.1019393012008914,0.1019393012008914,0.051050957223525
precision1,assigned_class_medoid,summer_night,dry_bulb_temperature,class,4.0,15,0.0480790342914332,0.0501778077502207,0.0477165278594889,0.0693122603536846,0.0875959011275834,0.0508428560543164
precision1,assigned_class_medoid,summer_night,dry_bulb_temperature,class,5.0,15,0.0497132975367841,0.053955486652692,0.0525315413968603,0.0758977838170683,0.1169395715229799,0.0558590440543782
precision1,assigned_class_medoid,summer_night,dry_bulb_temperature,class,6.0,15,0.1680737326485531,0.1964655944257136,0.1596757871837507,0.4180196612104148,0.4180196612104148,0.1622718119524508
precision1,assigned_class_medoid,summer_night,relative_humidity,citywide_nonmedoid,,105,0.1619673511279707,0.2214364564038046,0.1309207967020805,0.3667970458710715,1.531486473878281,0.227336036788876
precision1,assigned_class_medoid,summer_night,relative_humidity,class,0.0,15,0.1706617694041566,0.1943377332313286,0.1309207967020805,0.3198217855292057,0.3198217855292057,0.1700333870433952
precision1,assigned_class_medoid,summer_night,relative_humidity,class,1.0,15,0.1695652507810608,0.1997621432526761,0.1593617735323876,0.3398073492559847,0.4601763738850217,0.2073620706257624
precision1,assigned_class_medoid,summer_night,relative_humidity,class,2.0,15,0.2035393983839939,0.2664469665006037,0.1656801404071072,0.5897886380075226,0.5897886380075226,0.2176093288082437
precision1,assigned_class_medoid,summer_night,relative_humidity,class,3.0,15,0.1289954661979387,0.1567889500459595,0.090837030555928,0.3667970458710715,0.3667970458710715,0.1331920093813017
precision1,assigned_class_medoid,summer_night,relative_humidity,class,4.0,15,0.1118536092326327,0.12209958153793,0.1010644621066712,0.1947980131779307,0.2986231306091184,0.1248645457102398
precision1,assigned_class_medoid,summer_night,relative_humidity,class,5.0,15,0.1221669386439974,0.1414986116317528,0.1189472644932153,0.2297341458681704,0.4162183380367001,0.1477253848345903
precision1,assigned_class_medoid,summer_night,relative_humidity,class,6.0,15,0.6123438819481049,0.7228293578906724,0.5903250007897151,1.531486473878281,1.531486473878281,0.5905655311185992
precision1,assigned_class_medoid,whole_year,dry_bulb_temperature,citywide_nonmedoid,,105,0.0510691193000734,0.0586454450693261,0.0488567938097647,0.089238278331861,0.3510551609468194,0.0629894474433904
precision1,assigned_class_medoid,whole_year,dry_bulb_temperature,class,0.0,15,0.050291381899215,0.0526118155256916,0.0484932796737443,0.0737916355656388,0.0737916355656388,0.0506092819582885
precision1,assigned_class_medoid,whole_year,dry_bulb_temperature,class,1.0,15,0.0499344987828951,0.0536222143598073,0.0508714020190027,0.0780908030179081,0.0996913043569175,0.0564947882270111
precision1,assigned_class_medoid,whole_year,dry_bulb_temperature,class,2.0,15,0.0571367583938734,0.0654743155814446,0.0501936887735307,0.1293865046282211,0.1293865046282211,0.0603075218056506
precision1,assigned_class_medoid,whole_year,dry_bulb_temperature,class,3.0,15,0.0440992197164193,0.0467539225499559,0.0445935474579657,0.076480815035492,0.076480815035492,0.0462955326231037
precision1,assigned_class_medoid,whole_year,dry_bulb_temperature,class,4.0,15,0.04485768985586,0.046427756711121,0.0464492652963999,0.0629832912538631,0.0765404957430018,0.0473631791324548
precision1,assigned_class_medoid,whole_year,dry_bulb_temperature,class,5.0,15,0.0468165566529877,0.0508690610003545,0.0525600330824246,0.072125271538626,0.1115376136978301,0.052442478199151
precision1,assigned_class_medoid,whole_year,dry_bulb_temperature,class,6.0,15,0.1309502494780727,0.152353796297443,0.1214119746149805,0.3510551609468194,0.3510551609468194,0.1274133501580731
precision1,assigned_class_medoid,whole_year,relative_humidity,citywide_nonmedoid,,105,0.1496365987051088,0.1938432888880933,0.1210635894646443,0.3305108817003979,1.3835667129976308,0.2023188341010847
precision1,assigned_class_medoid,whole_year,relative_humidity,class,0.0,15,0.1524629366022468,0.1700576790057135,0.1210635894646443,0.2819837587213994,0.2819837587213994,0.1526805335326197
precision1,assigned_class_medoid,whole_year,relative_humidity,class,1.0,15,0.1553767919698291,0.1782323260229661,0.1442821943213143,0.3015750131965095,0.3885827779797578,0.1867874757518683
precision1,assigned_class_medoid,whole_year,relative_humidity,class,2.0,15,0.1895709837092349,0.2402033646776224,0.1386003090259918,0.5202771916626593,0.5202771916626593,0.203315873609215
precision1,assigned_class_medoid,whole_year,relative_humidity,class,3.0,15,0.1164659129311584,0.1343120447601498,0.1008695074551599,0.272293656952266,0.272293656952266,0.1234159869595935
precision1,assigned_class_medoid,whole_year,relative_humidity,class,4.0,15,0.1090122885394033,0.1173043913695639,0.0986958336502036,0.1881112563055663,0.2482150893753386,0.1191710197807487
precision1,assigned_class_medoid,whole_year,relative_humidity,class,5.0,15,0.1256317186888837,0.1449649050290782,0.1305284307454768,0.2233130570772503,0.4354470751436294,0.1508777547643079
precision1,assigned_class_medoid,whole_year,relative_humidity,class,6.0,15,0.4944022056028808,0.5868660119876946,0.4654709894387968,1.3835667129976308,1.3835667129976308,0.4799831943092398
precision1,assigned_class_medoid,winter,dry_bulb_temperature,citywide_nonmedoid,,105,0.0523741089822904,0.0600046616191043,0.0499541914699982,0.0942606665586089,0.3810050329914752,0.0639051203495593
precision1,assigned_class_medoid,winter,dry_bulb_temperature,class,0.0,15,0.05263683408582,0.055256294092263,0.0487715388691294,0.080235459353885,0.080235459353885,0.0529943698027168
precision1,assigned_class_medoid,winter,dry_bulb_temperature,class,1.0,15,0.0521485856658744,0.0564197503829262,0.0530222152626171,0.0842984407105321,0.1029998755289265,0.0590314443205388
precision1,assigned_class_medoid,winter,dry_bulb_temperature,class,2.0,15,0.0608916494251493,0.0703866559171865,0.0525015262293417,0.1388977408656541,0.1388977408656541,0.0642503901250593
precision1,assigned_class_medoid,winter,dry_bulb_temperature,class,3.0,15,0.0444824479935649,0.0471211475941665,0.0443976783869815,0.0723588685705205,0.0723588685705205,0.0468367457931178
precision1,assigned_class_medoid,winter,dry_bulb_temperature,class,4.0,15,0.0453804356669364,0.0472162557365322,0.0452151956693092,0.0660225291773524,0.0724379234051663,0.0475439547729776
precision1,assigned_class_medoid,winter,dry_bulb_temperature,class,5.0,15,0.0481329008475539,0.052080164581438,0.0541543378474181,0.0713392298408506,0.1108987592290139,0.0537171880653894
precision1,assigned_class_medoid,winter,dry_bulb_temperature,class,6.0,15,0.1257367880498649,0.1489822570654885,0.1113108704939005,0.3810050329914752,0.3810050329914752,0.1229617495671151
precision1,assigned_class_medoid,winter,relative_humidity,citywide_nonmedoid,,105,0.1667717423771524,0.2142020968447291,0.1401856435303367,0.3677597758690484,1.583101004739998,0.2219235440660308
precision1,assigned_class_medoid,winter,relative_humidity,class,0.0,15,0.1725436305077342,0.193045752681857,0.1368804724431639,0.3318660471637213,0.3318660471637213,0.1729973524631488
precision1,assigned_class_medoid,winter,relative_humidity,class,1.0,15,0.1776947111501881,0.2041234149987678,0.1660450863349188,0.3494763219929207,0.4344484103382371,0.2128075224586115
precision1,assigned_class_medoid,winter,relative_humidity,class,2.0,15,0.2186954478716755,0.2781858348728366,0.1591889355957792,0.5973939895534426,0.5973939895534426,0.2347841992971526
precision1,assigned_class_medoid,winter,relative_humidity,class,3.0,15,0.1262309742442905,0.145796218583458,0.1162308710481658,0.2730282291621399,0.2730282291621399,0.1348561672578091
precision1,assigned_class_medoid,winter,relative_humidity,class,4.0,15,0.1202361477422582,0.1300342035803574,0.1120386347545152,0.2159345902183049,0.2460493711438683,0.1296283275820624
precision1,assigned_class_medoid,winter,relative_humidity,class,5.0,15,0.1421939876515135,0.1634719953881934,0.1487355127306615,0.2583717329371624,0.4813009879749274,0.1700732582964776
precision1,assigned_class_medoid,winter,relative_humidity,class,6.0,15,0.5105722536250732,0.6158864232135127,0.4595994832260856,1.583101004739998,1.583101004739998,0.4983179811069539
precision1,assigned_class_medoid,winter_day,dry_bulb_temperature,citywide_nonmedoid,,105,0.0427889521501113,0.0475545085828757,0.0406562467885367,0.0702885210434548,0.2630303816766833,0.0512184397748465
precision1,assigned_class_medoid,winter_day,dry_bulb_temperature,class,0.0,15,0.039713670356026,0.0410671811078498,0.0394560078666931,0.054090888103489,0.054090888103489,0.0399711892199361
precision1,assigned_class_medoid,winter_day,dry_bulb_temperature,class,1.0,15,0.0381419720879677,0.0401353877103364,0.0377964473009227,0.0573770384572482,0.0784464540552736,0.0424812529063196
precision1,assigned_class_medoid,winter_day,dry_bulb_temperature,class,2.0,15,0.0436628813412684,0.0478330894433628,0.0361240232386296,0.0930998518665976,0.0930998518665976,0.0463293906859068
precision1,assigned_class_medoid,winter_day,dry_bulb_temperature,class,3.0,15,0.0373045051982276,0.0387414992618343,0.0336296354567274,0.053921323773709,0.0629334784564043,0.0402636763998826
precision1,assigned_class_medoid,winter_day,dry_bulb_temperature,class,4.0,15,0.0416531257836733,0.0429673053163593,0.0414923091863024,0.058912613001767,0.0661610865788144,0.043849401776159
precision1,assigned_class_medoid,winter_day,dry_bulb_temperature,class,5.0,15,0.0437467888837471,0.0474023034000918,0.0501371744690131,0.0675649192630192,0.1021069252099198,0.0487148586566861
precision1,assigned_class_medoid,winter_day,dry_bulb_temperature,class,6.0,15,0.0988935821787451,0.1131603032373812,0.0918122387238606,0.2630303816766833,0.2630303816766833,0.0969193087790354
precision1,assigned_class_medoid,winter_day,relative_humidity,citywide_nonmedoid,,105,0.1289764779895668,0.1593928573193119,0.1165161247467805,0.2721758077597461,1.1007261173189202,0.1691123342875482
precision1,assigned_class_medoid,winter_day,relative_humidity,class,0.0,15,0.1226537575986185,0.13150663940832,0.1216680465574818,0.1989210825166529,0.1989210825166529,0.123532590260142
precision1,assigned_class_medoid,winter_day,relative_humidity,class,1.0,15,0.1266062742615067,0.1388557028400587,0.1274036301746736,0.2152602990265421,0.327011946550601,0.1474519442857125
precision1,assigned_class_medoid,winter_day,relative_humidity,class,2.0,15,0.1391327061246303,0.1681767505619408,0.1015222958604489,0.374972526466134,0.374972526466134,0.1507284275264751
precision1,assigned_class_medoid,winter_day,relative_humidity,class,3.0,15,0.0948832771397622,0.103950164284109,0.0912870929175279,0.1879009754013441,0.2083644665382053,0.10522066571149
precision1,assigned_class_medoid,winter_day,relative_humidity,class,4.0,15,0.1082828981037827,0.1155379325591205,0.0976369142945791,0.1832750490103429,0.216300056138953,0.116756924433952
precision1,assigned_class_medoid,winter_day,relative_humidity,class,5.0,15,0.1274824413979037,0.1468381338540017,0.1319583406344733,0.2265362693227761,0.4384820218851438,0.1519776527263179
precision1,assigned_class_medoid,winter_day,relative_humidity,class,6.0,15,0.3986627561490736,0.4702379870679671,0.3805661389043777,1.1007261173189202,1.1007261173189202,0.388118135068748
precision1,assigned_class_medoid,winter_night,dry_bulb_temperature,citywide_nonmedoid,,105,0.0599150209490201,0.0702829107641938,0.0571771874896865,0.1073319454782522,0.4702602350238521,0.0738428460645192
precision1,assigned_class_medoid,winter_night,dry_bulb_temperature,class,0.0,15,0.0626835160172953,0.066483100931563,0.0568156842607917,0.0997937433348965,0.0997937433348965,0.0631637258045133
precision1,assigned_class_medoid,winter_night,dry_bulb_temperature,class,1.0,15,0.0625495382440081,0.0689603300447756,0.0630788215563491,0.1073319454782522,0.1278520779891897,0.0713477293835336
precision1,assigned_class_medoid,winter_night,dry_bulb_temperature,class,2.0,15,0.0733105083134098,0.0872958087007163,0.0632600308396344,0.1729669980591165,0.1729669980591165,0.0771083341772867
precision1,assigned_class_medoid,winter_night,dry_bulb_temperature,class,3.0,15,0.0502728172840523,0.0542208570213322,0.051399818987438,0.0869718492622903,0.0869718492622903,0.052178053183365
precision1,assigned_class_medoid,winter_night,dry_bulb_temperature,class,4.0,15,0.0486590984620218,0.0511132104783682,0.0490757058881979,0.0724379234051663,0.0782126339999882,0.0508080286508189
precision1,assigned_class_medoid,winter_night,dry_bulb_temperature,class,5.0,15,0.0521108044107729,0.056371169209313,0.0576953601146104,0.0774478437283343,0.1190430402049839,0.0582367896845098
precision1,assigned_class_medoid,winter_night,dry_bulb_temperature,class,6.0,15,0.147467062283525,0.1777249887097437,0.1278341702815608,0.4702602350238521,0.4702602350238521,0.1440572615676068
precision1,assigned_class_medoid,winter_night,relative_humidity,citywide_nonmedoid,,105,0.1954170505801329,0.2576023944394596,0.1612536736100834,0.4546916598031081,1.9495690798403629,0.2620327841458912
precision1,assigned_class_medoid,winter_night,relative_humidity,class,0.0,15,0.2095547526079512,0.2392474222401143,0.1612536736100834,0.4250888724144042,0.4250888724144042,0.2099948345948911
precision1,assigned_class_medoid,winter_night,relative_humidity,class,1.0,15,0.2149086111110114,0.253084631873039,0.1983909634004893,0.4546916598031081,0.5508277154983873,0.2601346360073964
precision1,assigned_class_medoid,winter_night,relative_humidity,class,2.0,15,0.2736106594191659,0.3556561513853247,0.1977321050006431,0.7570698527248075,0.7570698527248075,0.292738323858542
precision1,assigned_class_medoid,winter_night,relative_humidity,class,3.0,15,0.1497946835124578,0.1780658250529216,0.1363274177675378,0.3373159517159712,0.3373159517159712,0.157454408824924
precision1,assigned_class_medoid,winter_night,relative_humidity,class,4.0,15,0.1307640517153893,0.1430691243473581,0.125593827570504,0.244265738317413,0.2725708564664826,0.1409895407359943
precision1,assigned_class_medoid,winter_night,relative_humidity,class,5.0,15,0.1554103624309328,0.1785630112836063,0.1638032412118327,0.2866936055150574,0.5206100253882925,0.1862729974690499
precision1,assigned_class_medoid,winter_night,relative_humidity,class,6.0,15,0.6004695377965356,0.7331496491956705,0.5269087054535955,1.9495690798403629,1.9495690798403629,0.5866447475304405
precision1,assigned_four_file,daytime,dry_bulb_temperature,citywide_nonmedoid,,105,0.0499901579814767,0.054102572717654,0.0471081530331192,0.0826087217746528,0.2204551124855229,0.0543998540181996
precision1,assigned_four_file,daytime,dry_bulb_temperature,class,0.0,15,0.0502724314711515,0.0511657175847498,0.0525817476188116,0.0655325914941963,0.0655325914941963,0.0488023151036249
precision1,assigned_four_file,daytime,dry_bulb_temperature,class,1.0,15,0.0342365876664866,0.035656984915591,0.0324424323305931,0.0504997852520412,0.0701108059727974,0.0379544507788314
precision1,assigned_four_file,daytime,dry_bulb_temperature,class,2.0,15,0.0387290182976179,0.0416133202580772,0.0339553830272857,0.0785281265959316,0.0785281265959316,0.0410950039202306
precision1,assigned_four_file,daytime,dry_bulb_temperature,class,3.0,15,0.048410417286401,0.0494139801197354,0.0471081530331192,0.0648672687653613,0.0665180992982104,0.0489055839394675
precision1,assigned_four_file,daytime,dry_bulb_temperature,class,4.0,15,0.0406629826177947,0.0417853639457494,0.0394887418208482,0.0569787271046463,0.0694235889535851,0.0432441729569436
precision1,assigned_four_file,daytime,dry_bulb_temperature,class,5.0,15,0.0650748949472707,0.0670869850676813,0.067235020229085,0.0876376933562474,0.1292585105789078,0.0680869277507183
precision1,assigned_four_file,daytime,dry_bulb_temperature,class,6.0,15,0.0945159733398162,0.1064016049970015,0.0901925894757824,0.2204551124855229,0.2204551124855229,0.092710523677581
precision1,assigned_four_file,daytime,relative_humidity,citywide_nonmedoid,,105,0.1457380428477214,0.1696317373159803,0.1306813895349153,0.2990586448497363,0.8702713060412377,0.165194945417952
precision1,assigned_four_file,daytime,relative_humidity,class,0.0,15,0.1342993303002493,0.139838056104192,0.1433136866645615,0.2076724677979209,0.2076724677979209,0.1294606394725476
precision1,assigned_four_file,daytime,relative_humidity,class,1.0,15,0.0993337954938779,0.1076486398614403,0.0976083872434842,0.1648508389021966,0.2579290547035637,0.1153286748730928
precision1,assigned_four_file,daytime,relative_humidity,class,2.0,15,0.1099864004825975,0.1293394546619714,0.0832145271827375,0.2849256892627032,0.2849256892627032,0.1189861083008744
precision1,assigned_four_file,daytime,relative_humidity,class,3.0,15,0.1423993968200133,0.1491938415406577,0.1466287829861517,0.2268807745154905,0.2268807745154905,0.1430223537320167
precision1,assigned_four_file,daytime,relative_humidity,class,4.0,15,0.0938099451570862,0.0991953450015522,0.0924550983206412,0.1483085762521989,0.2036314156132533,0.1022734178528614
precision1,assigned_four_file,daytime,relative_humidity,class,5.0,15,0.2015911348610621,0.2162937799214867,0.2089875572534354,0.3115178630438932,0.5060456419937058,0.2165381952928049
precision1,assigned_four_file,daytime,relative_humidity,class,6.0,15,0.3400125726668757,0.3985582409344677,0.3294592220524928,0.8702713060412377,0.8702713060412377,0.3307552284014662
precision1,assigned_four_file,nighttime,dry_bulb_temperature,citywide_nonmedoid,,105,0.0719737237996377,0.0813154822899114,0.0691764998236675,0.1383529996473351,0.4448359196757721,0.0817878748421065
precision1,assigned_four_file,nighttime,dry_bulb_temperature,class,0.0,15,0.0639335986305237,0.0691668514504516,0.0691764998236675,0.1082340605915998,0.1082340605915998,0.0622263536465411
precision1,assigned_four_file,nighttime,dry_bulb_temperature,class,1.0,15,0.0610460895722444,0.0669272976626695,0.0615811451900853,0.1014844163307395,0.1258215014546818,0.0696593240115896
precision1,assigned_four_file,nighttime,dry_bulb_temperature,class,2.0,15,0.0697473368760946,0.0827170090054996,0.0624646018479128,0.1652727094627261,0.1652727094627261,0.0733989021377925
precision1,assigned_four_file,nighttime,dry_bulb_temperature,class,3.0,15,0.0822505506813557,0.0864225869733482,0.074484529974213,0.1383529996473351,0.1383529996473351,0.0808817125001782
precision1,assigned_four_file,nighttime,dry_bulb_temperature,class,4.0,15,0.0483968450645314,0.0506463872983586,0.0483990263685609,0.0708880395782753,0.0830497457790967,0.0508638357725167
precision1,assigned_four_file,nighttime,dry_bulb_temperature,class,5.0,15,0.0776080166832192,0.0800457043915351,0.0803815104026533,0.100807244068177,0.154513524403996,0.0813301101378959
precision1,assigned_four_file,nighttime,dry_bulb_temperature,class,6.0,15,0.1589259289960594,0.1873554294557474,0.1446772506281311,0.4448359196757721,0.4448359196757721,0.1541548856882316
precision1,assigned_four_file,nighttime,relative_humidity,citywide_nonmedoid,,105,0.2390997826116236,0.2919845786602686,0.2114690948630361,0.5405835676445465,1.752467275731965,0.283153702728617
precision1,assigned_four_file,nighttime,relative_humidity,class,0.0,15,0.2104751710198179,0.2469230320994493,0.2263972344410529,0.4338712853340757,0.4338712853340757,0.2033945254669991
precision1,assigned_four_file,nighttime,relative_humidity,class,1.0,15,0.1938690461968548,0.2279151035256235,0.1791851163910469,0.4012252922733278,0.5074063334395935,0.2355564218868949
precision1,assigned_four_file,nighttime,relative_humidity,class,2.0,15,0.2413724600091052,0.314112429350775,0.1782525528645796,0.6783760490516603,0.6783760490516603,0.258154895991508
precision1,assigned_four_file,nighttime,relative_humidity,class,3.0,15,0.2838598479539744,0.3120487864665332,0.2436265200640907,0.5405835676445465,0.5405835676445465,0.2786014663911792
precision1,assigned_four_file,nighttime,relative_humidity,class,4.0,15,0.1217856920011125,0.1329696356285549,0.1139574542092925,0.2208534711245503,0.2859295503486079,0.1334435450158207
precision1,assigned_four_file,nighttime,relative_humidity,class,5.0,15,0.2636550664682476,0.2819984368876226,0.2775463267101902,0.3962524217404352,0.6189455608580904,0.2811991565414283
precision1,assigned_four_file,nighttime,relative_humidity,class,6.0,15,0.6099702204616212,0.7279936542552444,0.5624940385275168,1.752467275731965,1.752467275731965,0.5917259078064893
precision1,assigned_four_file,summer,dry_bulb_temperature,citywide_nonmedoid,,105,0.0613151478944893,0.0679098298403289,0.0590027939198313,0.0983354172234501,0.3184877175489005,0.0692217641398899
precision1,assigned_four_file,summer,dry_bulb_temperature,class,0.0,15,0.057927585540747,0.0598840286056446,0.0595214675573624,0.0854645507525604,0.0854645507525604,0.0565427446229916
precision1,assigned_four_file,summer,dry_bulb_temperature,class,1.0,15,0.0474915548080015,0.0506870568584852,0.0486381007562285,0.0713836705087413,0.0983354172234501,0.0537265592241291
precision1,assigned_four_file,summer,dry_bulb_temperature,class,2.0,15,0.053021276220611,0.0601925048451307,0.0476209991793697,0.1191767449595856,0.1191767449595856,0.05597908905055
precision1,assigned_four_file,summer,dry_bulb_temperature,class,3.0,15,0.0664707842019407,0.0691963137770065,0.0606581991328466,0.1108215717494898,0.1108215717494898,0.0661429725247076
precision1,assigned_four_file,summer,dry_bulb_temperature,class,4.0,15,0.0442149498105262,0.0456300544397741,0.044787496628864,0.0606206514974735,0.0804133220799993,0.0470493046849947
precision1,assigned_four_file,summer,dry_bulb_temperature,class,5.0,15,0.0709140018586677,0.0731392499030041,0.0725542319619744,0.0972762015124571,0.1433879677295744,0.0744043569458676
precision1,assigned_four_file,summer,dry_bulb_temperature,class,6.0,15,0.1348281634686084,0.1556344879633087,0.1306858048881798,0.3184877175489005,0.3184877175489005,0.1307073219259884
precision1,assigned_four_file,summer,relative_humidity,citywide_nonmedoid,,105,0.1740537234066911,0.2103473254465902,0.140533073070341,0.3539074107353591,1.1513208143199438,0.2079527118136011
precision1,assigned_four_file,summer,relative_humidity,class,0.0,15,0.1584024433363373,0.1733517025711357,0.1585093930551219,0.2922028638826153,0.2922028638826153,0.1536319356645698
precision1,assigned_four_file,summer,relative_humidity,class,1.0,15,0.1289540889725885,0.1480582714298606,0.1188610950948217,0.2448095055120838,0.3413916659513769,0.1562044125715009
precision1,assigned_four_file,summer,relative_humidity,class,2.0,15,0.1547100753770511,0.1952320365174762,0.1216256761550872,0.4300792064975549,0.4300792064975549,0.1656245947224717
precision1,assigned_four_file,summer,relative_humidity,class,3.0,15,0.2046685368490449,0.2226248104741571,0.1742862101834487,0.4023496562713076,0.4023496562713076,0.2030432820995017
precision1,assigned_four_file,summer,relative_humidity,class,4.0,15,0.0961254215948864,0.103096807370854,0.0909121956747518,0.1555807616840626,0.2503503919736983,0.1070885588341002
precision1,assigned_four_file,summer,relative_humidity,class,5.0,15,0.1984196101968801,0.212831949227586,0.2005570566423295,0.3195582675175183,0.4943211200861296,0.2136964602998135
precision1,assigned_four_file,summer,relative_humidity,class,6.0,15,0.4725930094427942,0.5565052380865171,0.4669983208684899,1.1513208143199438,1.1513208143199438,0.45637973850325
precision1,assigned_four_file,summer_day,dry_bulb_temperature,citywide_nonmedoid,,105,0.0469584480036055,0.0512922087134823,0.042572128871463,0.0794734493016252,0.1879692064847882,0.0509883117384778
precision1,assigned_four_file,summer_day,dry_bulb_temperature,class,0.0,15,0.0510442542022848,0.0517871575997703,0.0514365579134315,0.0641605454464457,0.0641605454464457,0.0493988347560376
precision1,assigned_four_file,summer_day,dry_bulb_temperature,class,1.0,15,0.0294047557944944,0.0305589038076093,0.0270767646510962,0.042572128871463,0.0606957235404768,0.0324535913252505
precision1,assigned_four_file,summer_day,dry_bulb_temperature,class,2.0,15,0.0326304468189349,0.0343274305426739,0.0316515638416931,0.0606581991328466,0.0606581991328466,0.0345875487734818
precision1,assigned_four_file,summer_day,dry_bulb_temperature,class,3.0,15,0.0416237275431374,0.0425957590110286,0.042572128871463,0.0538584125039897,0.0601682522534515,0.0427455575230934
precision1,assigned_four_file,summer_day,dry_bulb_temperature,class,4.0,15,0.0393473737450556,0.0405757482461555,0.0367138295786684,0.0584405727765231,0.0725228435841429,0.0423296138949614
precision1,assigned_four_file,summer_day,dry_bulb_temperature,class,5.0,15,0.0646177854085962,0.0667194155923717,0.0659800709548408,0.0911373190792978,0.1336062780065692,0.0678679788492498
precision1,assigned_four_file,summer_day,dry_bulb_temperature,class,6.0,15,0.0891146033592091,0.0992242807691422,0.0885524141661016,0.1879692064847882,0.1879692064847882,0.0875350570472705
precision1,assigned_four_file,summer_day,relative_humidity,citywide_nonmedoid,,105,0.105909713625077,0.1266360595774562,0.0901072018898743,0.2273130449418347,0.6272246382376782,0.1215827185349051
precision1,assigned_four_file,summer_day,relative_humidity,class,0.0,15,0.1104815996006943,0.1138655664468838,0.1115791599059553,0.156492753139127,0.156492753139127,0.1055578477021361
precision1,assigned_four_file,summer_day,relative_humidity,class,1.0,15,0.0589049377341737,0.0627502159414122,0.0534765835753605,0.0901072018898743,0.1622923221049217,0.0680715350642783
precision1,assigned_four_file,summer_day,relative_humidity,class,2.0,15,0.0665507432582609,0.0723678810533268,0.0596742828731932,0.148612281458715,0.148612281458715,0.0716664252202936
precision1,assigned_four_file,summer_day,relative_humidity,class,3.0,15,0.08899673631419,0.0930326129285076,0.0861280023388748,0.1344556589581308,0.1467622639268438,0.0913817832393728
precision1,assigned_four_file,summer_day,relative_humidity,class,4.0,15,0.0754916438298573,0.0796843495825142,0.0713836705087413,0.1216163156535798,0.1901969068833091,0.0841325452701989
precision1,assigned_four_file,summer_day,relative_humidity,class,5.0,15,0.1579043572696798,0.1713301541937782,0.1575512753727646,0.277396824384322,0.4360100180998418,0.1724629882052276
precision1,assigned_four_file,summer_day,relative_humidity,class,6.0,15,0.2651858661138884,0.3113099410664885,0.2691736663557204,0.6272246382376782,0.6272246382376782,0.2578059050428283
precision1,assigned_four_file,summer_night,dry_bulb_temperature,citywide_nonmedoid,,105,0.0714645462161285,0.081194823130403,0.066427165422069,0.1322014800586224,0.4180196612104148,0.0820485767323692
precision1,assigned_four_file,summer_night,dry_bulb_temperature,class,0.0,15,0.0623639598962357,0.0670095819403455,0.0656340797344376,0.1034249549744905,0.1034249549744905,0.0611421687527038
precision1,assigned_four_file,summer_night,dry_bulb_temperature,class,1.0,15,0.0592644733006986,0.0648421842940836,0.0617002566913147,0.0953136897489123,0.1251228904114592,0.0676926312525374
precision1,assigned_four_file,summer_night,dry_bulb_temperature,class,2.0,15,0.0658792176209141,0.0778967444210607,0.0627612935141567,0.1572474990461984,0.1572474990461984,0.0693831613122425
precision1,assigned_four_file,summer_night,dry_bulb_temperature,class,3.0,15,0.083834554015316,0.0881014244772821,0.075083438711012,0.1478904483036465,0.1478904483036465,0.0826376651065905
precision1,assigned_four_file,summer_night,dry_bulb_temperature,class,4.0,15,0.0480790342914332,0.0501778077502207,0.0477165278594889,0.0693122603536846,0.0875959011275834,0.0508428560543164
precision1,assigned_four_file,summer_night,dry_bulb_temperature,class,5.0,15,0.0766711855406037,0.0790393530828825,0.0785802989812214,0.1030500258729836,0.1525437021199705,0.0803697426957428
precision1,assigned_four_file,summer_night,dry_bulb_temperature,class,6.0,15,0.1680737326485531,0.1964655944257136,0.1596757871837507,0.4180196612104148,0.4180196612104148,0.1622718119524508
precision1,assigned_four_file,summer_night,relative_humidity,citywide_nonmedoid,,105,0.2175694997423013,0.2691752274258581,0.1790864288498111,0.4925168623965994,1.531486473878281,0.2630399562743903
precision1,assigned_four_file,summer_night,relative_humidity,class,0.0,15,0.1871164300879528,0.2171088628922211,0.1932136429958004,0.3824592076775518,0.3824592076775518,0.1822627915013482
precision1,assigned_four_file,summer_night,relative_humidity,class,1.0,15,0.1695652507810608,0.1997621432526761,0.1593617735323876,0.3398073492559847,0.4601763738850217,0.2073620706257624
precision1,assigned_four_file,summer_night,relative_humidity,class,2.0,15,0.2035393983839939,0.2664469665006037,0.1656801404071072,0.5897886380075226,0.5897886380075226,0.2176093288082437
precision1,assigned_four_file,summer_night,relative_humidity,class,3.0,15,0.274326285096642,0.3007798952872402,0.2336941004919377,0.5558842379259364,0.5558842379259364,0.2708804346646741
precision1,assigned_four_file,summer_night,relative_humidity,class,4.0,15,0.1118536092326327,0.12209958153793,0.1010644621066712,0.1947980131779307,0.2986231306091184,0.1248645457102398
precision1,assigned_four_file,summer_night,relative_humidity,class,5.0,15,0.2316848443251874,0.247468898021476,0.2358471148148402,0.3567715999054426,0.5464448770397498,0.247734991491865
precision1,assigned_four_file,summer_night,relative_humidity,class,6.0,15,0.6123438819481049,0.7228293578906724,0.5903250007897151,1.531486473878281,1.531486473878281,0.5905655311185992
precision1,assigned_four_file,whole_year,dry_bulb_temperature,citywide_nonmedoid,,105,0.0625012439736948,0.0690626383608024,0.0594015051390567,0.1057210510696399,0.3510551609468194,0.070051967294105
precision1,assigned_four_file,whole_year,dry_bulb_temperature,class,0.0,15,0.0582705645560669,0.0608357789279106,0.0610131357965317,0.0894682413487918,0.0894682413487918,0.0566983860350704
precision1,assigned_four_file,whole_year,dry_bulb_temperature,class,1.0,15,0.0499344987828951,0.0536222143598073,0.0508714020190027,0.0780908030179081,0.0996913043569175,0.0564947882270111
precision1,assigned_four_file,whole_year,dry_bulb_temperature,class,2.0,15,0.0571367583938734,0.0654743155814446,0.0501936887735307,0.1293865046282211,0.1293865046282211,0.0603075218056506
precision1,assigned_four_file,whole_year,dry_bulb_temperature,class,3.0,15,0.0676933860633241,0.0703939094327043,0.0644612375117986,0.1057210510696399,0.1057210510696399,0.0670730542469964
precision1,assigned_four_file,whole_year,dry_bulb_temperature,class,4.0,15,0.04485768985586,0.046427756711121,0.0464492652963999,0.0629832912538631,0.0765404957430018,0.0473631791324548
precision1,assigned_four_file,whole_year,dry_bulb_temperature,class,5.0,15,0.07162467097284,0.0738511284849741,0.07410038852738,0.0937669314999823,0.1424468177616157,0.0750134914534783
precision1,assigned_four_file,whole_year,dry_bulb_temperature,class,6.0,15,0.1309502494780727,0.152353796297443,0.1214119746149805,0.3510551609468194,0.3510551609468194,0.1274133501580731
precision1,assigned_four_file,whole_year,relative_humidity,citywide_nonmedoid,,105,0.1998748875911871,0.2387780564459937,0.1693258186949418,0.4025319409317969,1.3835667129976308,0.2338004321403477
precision1,assigned_four_file,whole_year,relative_humidity,class,0.0,15,0.1802523452090372,0.2006560062846174,0.1859413910705253,0.3401265544754785,0.3401265544754785,0.1741013027166912
precision1,assigned_four_file,whole_year,relative_humidity,class,1.0,15,0.1553767919698291,0.1782323260229661,0.1442821943213143,0.3015750131965095,0.3885827779797578,0.1867874757518683
precision1,assigned_four_file,whole_year,relative_humidity,class,2.0,15,0.1895709837092349,0.2402033646776224,0.1386003090259918,0.5202771916626593,0.5202771916626593,0.203315873609215
precision1,assigned_four_file,whole_year,relative_humidity,class,3.0,15,0.2252682372951695,0.2445743726240496,0.19943985486297,0.4025319409317969,0.4025319409317969,0.2222177919285524
precision1,assigned_four_file,whole_year,relative_humidity,class,4.0,15,0.1090122885394033,0.1173043913695639,0.0986958336502036,0.1881112563055663,0.2482150893753386,0.1191710197807487
precision1,assigned_four_file,whole_year,relative_humidity,class,5.0,15,0.2347255334366582,0.2513027234629452,0.2456702694233447,0.3510356497526429,0.5653210588182427,0.2510263668861183
precision1,assigned_four_file,whole_year,relative_humidity,class,6.0,15,0.4944022056028808,0.5868660119876946,0.4654709894387968,1.3835667129976308,1.3835667129976308,0.4799831943092398
precision1,assigned_four_file,winter,dry_bulb_temperature,citywide_nonmedoid,,105,0.0635010450900956,0.0702026968486591,0.0597997268054572,0.104620804912373,0.3810050329914752,0.0705662046208142
precision1,assigned_four_file,winter,dry_bulb_temperature,class,0.0,15,0.0584556371572194,0.0617779767015252,0.0624771020325709,0.0933209044576359,0.0933209044576359,0.0566794488214436
precision1,assigned_four_file,winter,dry_bulb_temperature,class,1.0,15,0.0521485856658744,0.0564197503829262,0.0530222152626171,0.0842984407105321,0.1029998755289265,0.0590314443205388
precision1,assigned_four_file,winter,dry_bulb_temperature,class,2.0,15,0.0608916494251493,0.0703866559171865,0.0525015262293417,0.1388977408656541,0.1388977408656541,0.0642503901250593
precision1,assigned_four_file,winter,dry_bulb_temperature,class,3.0,15,0.0688259036785473,0.071577885279809,0.0672762878070639,0.104620804912373,0.104620804912373,0.0679144176518011
precision1,assigned_four_file,winter,dry_bulb_temperature,class,4.0,15,0.0453804356669364,0.0472162557365322,0.0452151956693092,0.0660225291773524,0.0724379234051663,0.0475439547729776
precision1,assigned_four_file,winter,dry_bulb_temperature,class,5.0,15,0.0722918199887437,0.074560065865413,0.0756231741522694,0.0953833599113878,0.1414941850239945,0.0755820270867638
precision1,assigned_four_file,winter,dry_bulb_temperature,class,6.0,15,0.1257367880498649,0.1489822570654885,0.1113108704939005,0.3810050329914752,0.3810050329914752,0.1229617495671151
precision1,assigned_four_file,winter,relative_humidity,citywide_nonmedoid,,105,0.2220123250193119,0.2642992287060794,0.1939976114803304,0.4340661948809899,1.583101004739998,0.2557272753592124
precision1,assigned_four_file,winter,relative_humidity,class,0.0,15,0.1992919910141378,0.2247909316059674,0.209940685849817,0.3823037215763606,0.3823037215763606,0.1919509603561186
precision1,assigned_four_file,winter,relative_humidity,class,1.0,15,0.1776947111501881,0.2041234149987678,0.1660450863349188,0.3494763219929207,0.4344484103382371,0.2128075224586115
precision1,assigned_four_file,winter,relative_humidity,class,2.0,15,0.2186954478716755,0.2781858348728366,0.1591889355957792,0.5973939895534426,0.5973939895534426,0.2347841992971526
precision1,assigned_four_file,winter,relative_humidity,class,3.0,15,0.2436719923281626,0.2648165145933525,0.221874919388109,0.4340661948809899,0.4340661948809899,0.2393119778171904
precision1,assigned_four_file,winter,relative_humidity,class,4.0,15,0.1202361477422582,0.1300342035803574,0.1120386347545152,0.2159345902183049,0.2460493711438683,0.1296283275820624
precision1,assigned_four_file,winter,relative_humidity,class,5.0,15,0.2659217410741699,0.2847925329623536,0.2838930046606258,0.4059848740393142,0.6286778235796185,0.2832899588963974
precision1,assigned_four_file,winter,relative_humidity,class,6.0,15,0.5105722536250732,0.6158864232135127,0.4595994832260856,1.583101004739998,1.583101004739998,0.4983179811069539
precision1,assigned_four_file,winter_day,dry_bulb_temperature,citywide_nonmedoid,,105,0.0524573709310382,0.0567883221668025,0.0504104036009313,0.0839719122759631,0.2630303816766833,0.0571452837765621
precision1,assigned_four_file,winter_day,dry_bulb_temperature,class,0.0,15,0.0492603308134469,0.0505331582873544,0.0537512245366944,0.0684067772920723,0.0684067772920723,0.0479503752399147
precision1,assigned_four_file,winter_day,dry_bulb_temperature,class,1.0,15,0.0381419720879677,0.0401353877103364,0.0377964473009227,0.0573770384572482,0.0784464540552736,0.0424812529063196
precision1,assigned_four_file,winter_day,dry_bulb_temperature,class,2.0,15,0.0436628813412684,0.0478330894433628,0.0361240232386296,0.0930998518665976,0.0930998518665976,0.0463293906859068
precision1,assigned_four_file,winter_day,dry_bulb_temperature,class,3.0,15,0.0542640420660562,0.0554304168754299,0.0549308589719773,0.0743100129321616,0.0743100129321616,0.0542381944461071
precision1,assigned_four_file,winter_day,dry_bulb_temperature,class,4.0,15,0.0416531257836733,0.0429673053163593,0.0414923091863024,0.058912613001767,0.0661610865788144,0.043849401776159
precision1,assigned_four_file,winter_day,dry_bulb_temperature,class,5.0,15,0.0654842448829454,0.0674545547093341,0.068473678801746,0.0856455768569797,0.1247341495285395,0.068249062602492
precision1,assigned_four_file,winter_day,dry_bulb_temperature,class,6.0,15,0.0988935821787451,0.1131603032373812,0.0918122387238606,0.2630303816766833,0.2630303816766833,0.0969193087790354
precision1,assigned_four_file,winter_day,relative_humidity,citywide_nonmedoid,,105,0.1753567852997391,0.2039194726479725,0.1532014881477849,0.3424151989882582,1.1007261173189202,0.1976881685292354
precision1,assigned_four_file,winter_day,relative_humidity,class,0.0,15,0.1529869761828143,0.1618029717700596,0.1532014881477849,0.2487330534290363,0.2487330534290363,0.1479689267294805
precision1,assigned_four_file,winter_day,relative_humidity,class,1.0,15,0.1266062742615067,0.1388557028400587,0.1274036301746736,0.2152602990265421,0.327011946550601,0.1474519442857125
precision1,assigned_four_file,winter_day,relative_humidity,class,2.0,15,0.1391327061246303,0.1681767505619408,0.1015222958604489,0.374972526466134,0.374972526466134,0.1507284275264751
precision1,assigned_four_file,winter_day,relative_humidity,class,3.0,15,0.180481520015032,0.1895713149115219,0.1840727679011315,0.2916418095111623,0.2916418095111623,0.1801278488064783
precision1,assigned_four_file,winter_day,relative_humidity,class,4.0,15,0.1082828981037827,0.1155379325591205,0.0976369142945791,0.1832750490103429,0.216300056138953,0.116756924433952
precision1,assigned_four_file,winter_day,relative_humidity,class,5.0,15,0.2370003147199265,0.2535897086673752,0.2502654268627287,0.356943167616954,0.5678222971777009,0.2526649728538011
precision1,assigned_four_file,winter_day,relative_humidity,class,6.0,15,0.3986627561490736,0.4702379870679671,0.3805661389043777,1.1007261173189202,1.1007261173189202,0.388118135068748
precision1,assigned_four_file,winter_night,dry_bulb_temperature,citywide_nonmedoid,,105,0.0722455105733669,0.081436624163388,0.0681385143869247,0.1279415789297897,0.4702602350238521,0.0810856646609422
precision1,assigned_four_file,winter_night,dry_bulb_temperature,class,0.0,15,0.0652815482308502,0.0712701671400704,0.0725642319987455,0.112863170423727,0.112863170423727,0.0630829405527272
precision1,assigned_four_file,winter_night,dry_bulb_temperature,class,1.0,15,0.0625495382440081,0.0689603300447756,0.0630788215563491,0.1073319454782522,0.1278520779891897,0.0713477293835336
precision1,assigned_four_file,winter_night,dry_bulb_temperature,class,2.0,15,0.0733105083134098,0.0872958087007163,0.0632600308396344,0.1729669980591165,0.1729669980591165,0.0771083341772867
precision1,assigned_four_file,winter_night,dry_bulb_temperature,class,3.0,15,0.0805141618336451,0.0847009811470627,0.073970343527739,0.1280488974826419,0.1280488974826419,0.0789497442981116
precision1,assigned_four_file,winter_night,dry_bulb_temperature,class,4.0,15,0.0486590984620218,0.0511132104783682,0.0490757058881979,0.0724379234051663,0.0782126339999882,0.0508080286508189
precision1,assigned_four_file,winter_night,dry_bulb_temperature,class,5.0,15,0.0784967681785689,0.0810449868448067,0.0821528103541458,0.1042151901634587,0.1564691686326758,0.082245613996511
precision1,assigned_four_file,winter_night,dry_bulb_temperature,class,6.0,15,0.147467062283525,0.1777249887097437,0.1278341702815608,0.4702602350238521,0.4702602350238521,0.1440572615676068
precision1,assigned_four_file,winter_night,relative_humidity,citywide_nonmedoid,,105,0.2576963784712666,0.3132491233255565,0.2169763917543901,0.5330470843548384,1.9495690798403629,0.2997765072363937
precision1,assigned_four_file,winter_night,relative_humidity,class,0.0,15,0.2310659339598843,0.2736452524545871,0.2554533426213293,0.480045976125349,0.480045976125349,0.222035798641942
precision1,assigned_four_file,winter_night,relative_humidity,class,1.0,15,0.2149086111110114,0.253084631873039,0.1983909634004893,0.4546916598031081,0.5508277154983873,0.2601346360073964
precision1,assigned_four_file,winter_night,relative_humidity,class,2.0,15,0.2736106594191659,0.3556561513853247,0.1977321050006431,0.7570698527248075,0.7570698527248075,0.292738323858542
precision1,assigned_four_file,winter_night,relative_humidity,class,3.0,15,0.292249754755298,0.3229834196448157,0.2541144935342647,0.5401592154374282,0.5401592154374282,0.2850210351149675
precision1,assigned_four_file,winter_night,relative_humidity,class,4.0,15,0.1307640517153893,0.1430691243473581,0.125593827570504,0.244265738317413,0.2725708564664826,0.1409895407359943
precision1,assigned_four_file,winter_night,relative_humidity,class,5.0,15,0.2919546222386298,0.3128990784905289,0.3139389945637406,0.4497099187131754,0.6841413966055925,0.3108714687654738
precision1,assigned_four_file,winter_night,relative_humidity,class,6.0,15,0.6004695377965356,0.7331496491956705,0.5269087054535955,1.9495690798403629,1.9495690798403629,0.5866447475304405
precision1,oracle_four_file,daytime,dry_bulb_temperature,citywide_nonmedoid,,105,0.0452139291193057,0.0491815218735315,0.0394887418208482,0.0708397123101346,0.2204551124855229,0.0486193248251711
precision1,oracle_four_file,daytime,dry_bulb_temperature,class,0.0,15,0.0487391785033871,0.0498491622443894,0.0515734171022066,0.0655325914941963,0.0655325914941963,0.047573965432584
precision1,oracle_four_file,daytime,dry_bulb_temperature,class,1.0,15,0.0330724938216333,0.0345185595746624,0.0320886329608601,0.0504997852520412,0.0701108059727974,0.0369156409534728
precision1,oracle_four_file,daytime,dry_bulb_temperature,class,2.0,15,0.0339344969445834,0.0350426393777911,0.0333104944588922,0.0507703217517503,0.0507703217517503,0.0355469875002237
precision1,oracle_four_file,daytime,dry_bulb_temperature,class,3.0,15,0.0359202026462677,0.037440734930029,0.0358523099374905,0.0635336893338117,0.0635336893338117,0.0365915313217597
precision1,oracle_four_file,daytime,dry_bulb_temperature,class,4.0,15,0.0391943036212332,0.0402478470844054,0.0377748678259687,0.0569787271046463,0.0694235889535851,0.0417784313183751
precision1,oracle_four_file,daytime,dry_bulb_temperature,class,5.0,15,0.0610891938777302,0.0622329291000958,0.0644258095137876,0.0753530503150391,0.0753530503150391,0.0595761838703572
precision1,oracle_four_file,daytime,dry_bulb_temperature,class,6.0,15,0.0823319982816965,0.0972744870587401,0.0648144524161789,0.2204551124855229,0.2204551124855229,0.082352533379425
precision1,oracle_four_file,daytime,relative_humidity,citywide_nonmedoid,,105,0.1227989789398488,0.1444433320420953,0.0980983571281032,0.2345694589033882,0.8702713060412377,0.1365359268404676
precision1,oracle_four_file,daytime,relative_humidity,class,0.0,15,0.1288888296221047,0.1354830873219814,0.1337635752509887,0.2076724677979209,0.2076724677979209,0.1251260731172934
precision1,oracle_four_file,daytime,relative_humidity,class,1.0,15,0.0927914054197496,0.1013794277225631,0.0963370225708072,0.1648508389021966,0.2579290547035637,0.1072086818917798
precision1,oracle_four_file,daytime,relative_humidity,class,2.0,15,0.0827483690222657,0.0881027923378053,0.0744538715946577,0.1600156955771846,0.1600156955771846,0.0883546178246399
precision1,oracle_four_file,daytime,relative_humidity,class,3.0,15,0.0887035991029288,0.095712416821868,0.0856881891127631,0.1962374388848654,0.1962374388848654,0.090917458951502
precision1,oracle_four_file,daytime,relative_humidity,class,4.0,15,0.089176678209453,0.0937377909139078,0.0805942540753019,0.1431303649470055,0.2036314156132533,0.0976494174391235
precision1,oracle_four_file,daytime,relative_humidity,class,5.0,15,0.1789551813959693,0.1867588855265347,0.1994455785741699,0.2452749831344366,0.2452749831344366,0.1745547947106735
precision1,oracle_four_file,daytime,relative_humidity,class,6.0,15,0.2713547984501037,0.3533774451033434,0.2063047353688627,0.8702713060412377,0.8702713060412377,0.2719404439482608
precision1,oracle_four_file,nighttime,dry_bulb_temperature,citywide_nonmedoid,,105,0.0617110285365203,0.0700084314503568,0.0611532993991105,0.1008185675440979,0.4448359196757721,0.0671558644046956
precision1,oracle_four_file,nighttime,dry_bulb_temperature,class,0.0,15,0.0614236313456791,0.0667428943832117,0.0536562711506302,0.1082340605915998,0.1082340605915998,0.0602155194570873
precision1,oracle_four_file,nighttime,dry_bulb_temperature,class,1.0,15,0.0548125827102966,0.0608773906038378,0.0611532993991105,0.0926154715518754,0.1258215014546818,0.0606532881757508
precision1,oracle_four_file,nighttime,dry_bulb_temperature,class,2.0,15,0.0478005070257637,0.0516750373736658,0.0587930353406439,0.0803246835942759,0.0803246835942759,0.0493260793841585
precision1,oracle_four_file,nighttime,dry_bulb_temperature,class,3.0,15,0.0538530320347535,0.0558112821067741,0.0577943132877433,0.0700945219623646,0.0700945219623646,0.0534268117845729
precision1,oracle_four_file,nighttime,dry_bulb_temperature,class,4.0,15,0.0483849972716376,0.0506298223786538,0.0483990263685609,0.0707106781186547,0.0830497457790967,0.0508520116752087
precision1,oracle_four_file,nighttime,dry_bulb_temperature,class,5.0,15,0.0767166210466939,0.0786463418996042,0.0803815104026533,0.1041929190663244,0.1041929190663244,0.0768635002988005
precision1,oracle_four_file,nighttime,dry_bulb_temperature,class,6.0,15,0.1215892382999513,0.1648498598200979,0.0822486485156345,0.4448359196757721,0.4448359196757721,0.1187538400572909
precision1,oracle_four_file,nighttime,relative_humidity,citywide_nonmedoid,,105,0.1901579392027871,0.2365587674950506,0.176249615434018,0.3804617478177161,1.752467275731965,0.2151176924427799
precision1,oracle_four_file,nighttime,relative_humidity,class,0.0,15,0.1978327269313271,0.2360115960358084,0.1457620504193933,0.4338712853340757,0.4338712853340757,0.1932661628525158
precision1,oracle_four_file,nighttime,relative_humidity,class,1.0,15,0.1655518654291539,0.1984763634621952,0.176249615434018,0.3616931265703278,0.5074063334395935,0.1936254005026804
precision1,oracle_four_file,nighttime,relative_humidity,class,2.0,15,0.1327531910417929,0.1518277462131269,0.152565578384387,0.2855780007643235,0.2855780007643235,0.1393086969533515
precision1,oracle_four_file,nighttime,relative_humidity,class,3.0,15,0.1499035522159967,0.1590131029799435,0.1649615978557533,0.2195470638428333,0.2242542181050327,0.1490217831524024
precision1,oracle_four_file,nighttime,relative_humidity,class,4.0,15,0.1217171676672935,0.1328560371911158,0.1139574542092925,0.2198276618472798,0.2859295503486079,0.1333751577306694
precision1,oracle_four_file,nighttime,relative_humidity,class,5.0,15,0.2562834817540891,0.2703281216268403,0.2775463267101902,0.3830334344050741,0.3830334344050741,0.2576858056755321
precision1,oracle_four_file,nighttime,relative_humidity,class,6.0,15,0.4509372859321147,0.6366165580081108,0.3125276243498087,1.752467275731965,1.752467275731965,0.4395408402323074
precision1,oracle_four_file,summer,dry_bulb_temperature,citywide_nonmedoid,,105,0.0539155570460904,0.0599491274947491,0.0504758774827171,0.0854645507525604,0.3184877175489005,0.0584673439439803
precision1,oracle_four_file,summer,dry_bulb_temperature,class,0.0,15,0.0556691317951809,0.0578482374086639,0.0527262235022455,0.0854645507525604,0.0854645507525604,0.0547334078900765
precision1,oracle_four_file,summer,dry_bulb_temperature,class,1.0,15,0.0439420182635552,0.0471826584156965,0.0476448993059329,0.0702584352454064,0.0983354172234501,0.0489533115912968
precision1,oracle_four_file,summer,dry_bulb_temperature,class,2.0,15,0.0403441136405287,0.0424802591334825,0.0437849522104668,0.0654082040051855,0.0654082040051855,0.0421022279258811
precision1,oracle_four_file,summer,dry_bulb_temperature,class,3.0,15,0.0454354348940942,0.0470912688295015,0.0482857312226766,0.0641605454464457,0.0641605454464457,0.0458163961932265
precision1,oracle_four_file,summer,dry_bulb_temperature,class,4.0,15,0.0438999021628916,0.0452316612626255,0.044787496628864,0.0606206514974735,0.0804133220799993,0.0467348871326554
precision1,oracle_four_file,summer,dry_bulb_temperature,class,5.0,15,0.0701361792229845,0.0719316344024301,0.0725542319619744,0.1011545374027209,0.1011545374027209,0.0698958602524539
precision1,oracle_four_file,summer,dry_bulb_temperature,class,6.0,15,0.1021701121119114,0.1333526838356571,0.068982984095483,0.3184877175489005,0.3184877175489005,0.1010353166222721
precision1,oracle_four_file,summer,relative_humidity,citywide_nonmedoid,,105,0.1420706118331711,0.1746980524239617,0.1222977494740261,0.2922028638826153,1.1513208143199438,0.1612686468359884
precision1,oracle_four_file,summer,relative_humidity,class,0.0,15,0.1494149512173889,0.1662568352051199,0.123658558053875,0.2922028638826153,0.2922028638826153,0.1464316998131503
precision1,oracle_four_file,summer,relative_humidity,class,1.0,15,0.113520452936624,0.1320519755421462,0.1185061848470136,0.2379758678126884,0.3413916659513769,0.1341890401093563
precision1,oracle_four_file,summer,relative_humidity,class,2.0,15,0.0952631193138864,0.1063044091435517,0.1012670188534654,0.2055303238587944,0.2055303238587944,0.1012274010948936
precision1,oracle_four_file,summer,relative_humidity,class,3.0,15,0.1117015746633478,0.1195834756417364,0.1169006241208928,0.1761121310296668,0.1848422751068237,0.1138958956062242
precision1,oracle_four_file,summer,relative_humidity,class,4.0,15,0.0961517832873079,0.1031366318902729,0.0909121956747518,0.1559753962196128,0.2503503919736983,0.1071148678031368
precision1,oracle_four_file,summer,relative_humidity,class,5.0,15,0.1975433744541943,0.2105611255054184,0.2005570566423295,0.3484678930625408,0.3484678930625408,0.1998222241660086
precision1,oracle_four_file,summer,relative_humidity,class,6.0,15,0.3293308244808045,0.4656588402799783,0.2018019913574864,1.1513208143199438,1.1513208143199438,0.3261993992591491
precision1,oracle_four_file,summer_day,dry_bulb_temperature,citywide_nonmedoid,,105,0.0435702606449351,0.0476361753960003,0.0384110639798688,0.0707750483442001,0.1879692064847882,0.0466307284247366
precision1,oracle_four_file,summer_day,dry_bulb_temperature,class,0.0,15,0.0496901751267167,0.0506589931783611,0.0514365579134315,0.0641605454464457,0.0641605454464457,0.0483140283855255
precision1,oracle_four_file,summer_day,dry_bulb_temperature,class,1.0,15,0.0290384051272772,0.0302626721156751,0.0264815982436359,0.0433669478702089,0.0606957235404768,0.0326664431817221
precision1,oracle_four_file,summer_day,dry_bulb_temperature,class,2.0,15,0.0318234319265878,0.0329728298779211,0.0316515638416931,0.0464103028571595,0.0464103028571595,0.0334443259245973
precision1,oracle_four_file,summer_day,dry_bulb_temperature,class,3.0,15,0.0332427957128455,0.0349873825963506,0.0315795465382712,0.0636617885007828,0.0636617885007828,0.0340322240530851
precision1,oracle_four_file,summer_day,dry_bulb_temperature,class,4.0,15,0.0379403649244144,0.0392379972328919,0.0336731314466113,0.0584405727765231,0.0725228435841429,0.0409254190919615
precision1,oracle_four_file,summer_day,dry_bulb_temperature,class,5.0,15,0.060969451454135,0.0621840760864,0.0652513704676406,0.0769997516141051,0.0769997516141051,0.0591011356551812
precision1,oracle_four_file,summer_day,dry_bulb_temperature,class,6.0,15,0.0772028764992322,0.0892619963766246,0.0634827113851381,0.1879692064847882,0.1879692064847882,0.0779315226810834
precision1,oracle_four_file,summer_day,relative_humidity,citywide_nonmedoid,,105,0.0941270375169855,0.111626555294434,0.0734586609147484,0.1784240870145007,0.6272246382376782,0.1050199750520253
precision1,oracle_four_file,summer_day,relative_humidity,class,0.0,15,0.1075975882839099,0.1118289559053553,0.1115791599059553,0.156492753139127,0.156492753139127,0.1032473520261253
precision1,oracle_four_file,summer_day,relative_humidity,class,1.0,15,0.0579928526386381,0.0620086324336945,0.0519211957168075,0.0901072018898743,0.1622923221049217,0.0682013861421254
precision1,oracle_four_file,summer_day,relative_humidity,class,2.0,15,0.0629268446516641,0.0660686715234432,0.0596742828731932,0.1039957614380778,0.1039957614380778,0.0666797341490148
precision1,oracle_four_file,summer_day,relative_humidity,class,3.0,15,0.0644804332466867,0.0703469355780837,0.060995087741534,0.1551484394100247,0.1551484394100247,0.0663432983891167
precision1,oracle_four_file,summer_day,relative_humidity,class,4.0,15,0.0719952107404387,0.0762709769651213,0.0615154696435334,0.1216163156535798,0.1901969068833091,0.0806431050469592
precision1,oracle_four_file,summer_day,relative_humidity,class,5.0,15,0.1424715882933795,0.1491634979108166,0.1563034972169805,0.2109480724092723,0.2109480724092723,0.1383940294146061
precision1,oracle_four_file,summer_day,relative_humidity,class,6.0,15,0.2069076673678473,0.267155452462729,0.1403547418219726,0.6272246382376782,0.6272246382376782,0.2116309201962298
precision1,oracle_four_file,summer_night,dry_bulb_temperature,citywide_nonmedoid,,105,0.0613444223602592,0.070132664061797,0.061292989820149,0.1034249549744905,0.4180196612104148,0.0667894997289451
precision1,oracle_four_file,summer_night,dry_bulb_temperature,class,0.0,15,0.059412336347085,0.0642378669690476,0.0504081700377763,0.1034249549744905,0.1034249549744905,0.0587775062398229
precision1,oracle_four_file,summer_night,dry_bulb_temperature,class,1.0,15,0.0536613713590192,0.0594691280141532,0.0600546199475875,0.0897781114170791,0.1251228904114592,0.0596086626625978
precision1,oracle_four_file,summer_night,dry_bulb_temperature,class,2.0,15,0.0461790166159112,0.0502188940732203,0.053220509077995,0.0805265006329558,0.0805265006329558,0.0480292590569132
precision1,oracle_four_file,summer_night,dry_bulb_temperature,class,3.0,15,0.0541302859779204,0.0566662003226027,0.0611814465251281,0.0746576887654799,0.075083438711012,0.0542838209575558
precision1,oracle_four_file,summer_night,dry_bulb_temperature,class,4.0,15,0.048320689496867,0.0505191640301515,0.0477165278594889,0.0729298387790289,0.0875959011275834,0.0510840279493394
precision1,oracle_four_file,summer_night,dry_bulb_temperature,class,5.0,15,0.0778742237462451,0.0805075197536885,0.0785802989812214,0.120902797067718,0.120902797067718,0.0785493871108166
precision1,oracle_four_file,summer_night,dry_bulb_temperature,class,6.0,15,0.1194931482657759,0.1661269772649972,0.0801580860636301,0.4180196612104148,0.4180196612104148,0.1171938341255703
precision1,oracle_four_file,summer_night,relative_humidity,citywide_nonmedoid,,105,0.1738195230116551,0.2204049255224329,0.15718957032843,0.3824592076775518,1.531486473878281,0.1981085725804123
precision1,oracle_four_file,summer_night,relative_humidity,class,0.0,15,0.1743731132806736,0.2068259053551148,0.1227159261987014,0.3824592076775518,0.3824592076775518,0.1720536157571689
precision1,oracle_four_file,summer_night,relative_humidity,class,1.0,15,0.1462776040596072,0.1761544151955043,0.1526033944337871,0.3242618070170796,0.4601763738850217,0.1731249739652063
precision1,oracle_four_file,summer_night,relative_humidity,class,2.0,15,0.1155853299520623,0.1350414212375101,0.1301883181337955,0.2714227508038268,0.2714227508038268,0.1228956487296412
precision1,oracle_four_file,summer_night,relative_humidity,class,3.0,15,0.1417765608137976,0.153791169928213,0.1545750388094754,0.230703367369978,0.2514348623039079,0.1442594723441622
precision1,oracle_four_file,summer_night,relative_humidity,class,4.0,15,0.1131931929724082,0.1243264563482981,0.1010644621066712,0.21485158176237,0.2986231306091184,0.1262014502825358
precision1,oracle_four_file,summer_night,relative_humidity,class,5.0,15,0.2388242339925083,0.2577250978062225,0.2358471148148402,0.445376981598404,0.445376981598404,0.2438105974529216
precision1,oracle_four_file,summer_night,relative_humidity,class,6.0,15,0.4118905224679044,0.6019171664616513,0.2574836192996562,1.531486473878281,1.531486473878281,0.4044142495312505
precision1,oracle_four_file,whole_year,dry_bulb_temperature,citywide_nonmedoid,,105,0.0545508346449458,0.0604979444606838,0.0524622064444761,0.0838227636609683,0.3510551609468194,0.0591775071286711
precision1,oracle_four_file,whole_year,dry_bulb_temperature,class,0.0,15,0.0561921922071109,0.0589048084926689,0.0504658662163648,0.0894682413487918,0.0894682413487918,0.0550333196404082
precision1,oracle_four_file,whole_year,dry_bulb_temperature,class,1.0,15,0.0457875846311389,0.0494852889343982,0.0496333589396758,0.0745917350692372,0.0996913043569175,0.0507843194374199
precision1,oracle_four_file,whole_year,dry_bulb_temperature,class,2.0,15,0.0419506653193611,0.044149156629157,0.0483282157580451,0.0671925604709956,0.0671925604709956,0.0435298590588745
precision1,oracle_four_file,whole_year,dry_bulb_temperature,class,3.0,15,0.0460775751922427,0.0475221413790594,0.0492524018374534,0.0607318381442844,0.0607318381442844,0.046096441624057
precision1,oracle_four_file,whole_year,dry_bulb_temperature,class,4.0,15,0.0443154502062261,0.0457343859094212,0.0464492652963999,0.0602127127461942,0.0765404957430018,0.0468220239621201
precision1,oracle_four_file,whole_year,dry_bulb_temperature,class,5.0,15,0.0694531168574701,0.0709160932319561,0.07410038852738,0.0891294784397431,0.0891294784397431,0.0689590218932366
precision1,oracle_four_file,whole_year,dry_bulb_temperature,class,6.0,15,0.1046759353649754,0.1353473348744756,0.0791579543391554,0.3510551609468194,0.3510551609468194,0.1030175642845815
precision1,oracle_four_file,whole_year,relative_humidity,citywide_nonmedoid,,105,0.1616223515154466,0.1959897020894216,0.1424227740754352,0.2973858708217046,1.3835667129976308,0.1819120915858123
precision1,oracle_four_file,whole_year,relative_humidity,class,0.0,15,0.1705678450907218,0.1924280910024122,0.130384048104053,0.3401265544754785,0.3401265544754785,0.1663426661546675
precision1,oracle_four_file,whole_year,relative_humidity,class,1.0,15,0.135619983932987,0.1575922828353784,0.1441832611137233,0.2810673557129831,0.3885827779797578,0.1581591274812496
precision1,oracle_four_file,whole_year,relative_humidity,class,2.0,15,0.1121933504778109,0.1241244668425127,0.1273141944544638,0.2314733433374113,0.2314733433374113,0.1183360503780874
precision1,oracle_four_file,whole_year,relative_humidity,class,3.0,15,0.1243165658781663,0.1312364919776377,0.1339980576428434,0.1866674820595367,0.1866674820595367,0.124603054245401
precision1,oracle_four_file,whole_year,relative_humidity,class,4.0,15,0.1074792827169222,0.1149728230138467,0.0986958336502036,0.1651621591430234,0.2482150893753386,0.1176410799699125
precision1,oracle_four_file,whole_year,relative_humidity,class,5.0,15,0.2217633087218602,0.2323318474353108,0.2456702694233447,0.3074048094857613,0.3074048094857613,0.221084744767887
precision1,oracle_four_file,whole_year,relative_humidity,class,6.0,15,0.3737817212095669,0.5148573883309149,0.2839866226188903,1.3835667129976308,1.3835667129976308,0.3672179181034811
precision1,oracle_four_file,winter,dry_bulb_temperature,citywide_nonmedoid,,105,0.0549818512700424,0.0610448022851252,0.0530869423043316,0.0814390938513316,0.3810050329914752,0.0596186725136337
precision1,oracle_four_file,winter,dry_bulb_temperature,class,0.0,15,0.0565371000985596,0.05994841237634,0.050817492878118,0.0933209044576359,0.0933209044576359,0.0551424328074973
precision1,oracle_four_file,winter,dry_bulb_temperature,class,1.0,15,0.0474449967007836,0.0516972669660204,0.0526756611228115,0.0787086713460146,0.1029998755289265,0.0524494541452952
precision1,oracle_four_file,winter,dry_bulb_temperature,class,2.0,15,0.043417176037945,0.0457659045315936,0.0497705357325619,0.0689401715456761,0.0689401715456761,0.0448319147240402
precision1,oracle_four_file,winter,dry_bulb_temperature,class,3.0,15,0.046575231767129,0.0479514779053419,0.0509075150795547,0.0570769995951423,0.0570769995951423,0.0462497317698213
precision1,oracle_four_file,winter,dry_bulb_temperature,class,4.0,15,0.0446199686580558,0.0462343616478581,0.0452151956693092,0.0597997268054572,0.0724379234051663,0.0467850086981148
precision1,oracle_four_file,winter,dry_bulb_temperature,class,5.0,15,0.0685419481296558,0.0698800934116491,0.0745407182774534,0.0814390938513316,0.0814390938513316,0.0677832151640563
precision1,oracle_four_file,winter,dry_bulb_temperature,class,6.0,15,0.1061446204660466,0.1373237367663244,0.0781979970327037,0.3810050329914752,0.3810050329914752,0.1040889502866109
precision1,oracle_four_file,winter,relative_humidity,citywide_nonmedoid,,105,0.17797543402185,0.2152855843054034,0.1591889355957792,0.3256650001269591,1.583101004739998,0.1991589834567599
precision1,oracle_four_file,winter,relative_humidity,class,0.0,15,0.1888365513371767,0.2155629452741776,0.1453255156347484,0.3823037215763606,0.3823037215763606,0.1835746935835788
precision1,oracle_four_file,winter,relative_humidity,class,1.0,15,0.1543326191456251,0.1796484821708261,0.1659623396090153,0.3185719624168066,0.4344484103382371,0.1787025980172989
precision1,oracle_four_file,winter,relative_humidity,class,2.0,15,0.1265824496344399,0.1397701719965019,0.1430950400125401,0.2549105639325205,0.2549105639325205,0.1329953042907756
precision1,oracle_four_file,winter,relative_humidity,class,3.0,15,0.1352399217066449,0.1419925540221544,0.1448126236579392,0.1967105867640451,0.1967105867640451,0.1339046479980043
precision1,oracle_four_file,winter,relative_humidity,class,4.0,15,0.1174289467532729,0.1257557941405107,0.1120386347545152,0.1747643625502132,0.2460493711438683,0.126826740995055
precision1,oracle_four_file,winter,relative_humidity,class,5.0,15,0.2411668783704812,0.2523354229223528,0.2596489599778563,0.3256650001269591,0.3256650001269591,0.2379353961294884
precision1,oracle_four_file,winter,relative_humidity,class,6.0,15,0.4091649180302977,0.5599849640066187,0.283808317658523,1.583101004739998,1.583101004739998,0.4001735031831185
precision1,oracle_four_file,winter_day,dry_bulb_temperature,citywide_nonmedoid,,105,0.0464648185761412,0.0506878787487197,0.0425277328176339,0.0731299210172234,0.2630303816766833,0.0501272767017494
precision1,oracle_four_file,winter_day,dry_bulb_temperature,class,0.0,15,0.0475513830777973,0.0490213947163811,0.0504104036009313,0.0684067772920723,0.0684067772920723,0.0465812695326079
precision1,oracle_four_file,winter_day,dry_bulb_temperature,class,1.0,15,0.0363301543535007,0.0383242407722248,0.0377358274586986,0.0573770384572482,0.0784464540552736,0.0403996276334325
precision1,oracle_four_file,winter_day,dry_bulb_temperature,class,2.0,15,0.0358113679646679,0.0370072850977801,0.0348991220226056,0.0555525029686384,0.0555525029686384,0.0374144277142599
precision1,oracle_four_file,winter_day,dry_bulb_temperature,class,3.0,15,0.0380910000267267,0.0397552091081328,0.0377964473009227,0.0634046253844821,0.0634046253844821,0.0386825541047945
precision1,oracle_four_file,winter_day,dry_bulb_temperature,class,4.0,15,0.04011810780206,0.0412383195607943,0.0409927180167762,0.0554700196225228,0.0661610865788144,0.042317453830509
precision1,oracle_four_file,winter_day,dry_bulb_temperature,class,5.0,15,0.0611171244012339,0.0622820119010348,0.0649034221937042,0.0736601939708562,0.0736601939708562,0.0598981695349174
precision1,oracle_four_file,winter_day,dry_bulb_temperature,class,6.0,15,0.0862306932575853,0.104714659316775,0.0727218092353424,0.2630303816766833,0.2630303816766833,0.0855974345617243
precision1,oracle_four_file,winter_day,relative_humidity,citywide_nonmedoid,,105,0.1446740230265913,0.1712116729643929,0.1237390613806136,0.2767634104212211,1.1007261173189202,0.1604595627186971
precision1,oracle_four_file,winter_day,relative_humidity,class,0.0,15,0.1457842424690099,0.1556848133658549,0.1513068831672006,0.2487330534290363,0.2487330534290363,0.1421985315148886
precision1,oracle_four_file,winter_day,relative_humidity,class,1.0,15,0.1166674479474449,0.1294057604517198,0.1256302791247676,0.2152602990265421,0.327011946550601,0.1343170664987953
precision1,oracle_four_file,winter_day,relative_humidity,class,2.0,15,0.0983015048127516,0.1057251138244092,0.0932472784860498,0.2011869540407391,0.2011869540407391,0.1052526998056366
precision1,oracle_four_file,winter_day,relative_humidity,class,3.0,15,0.1070347696160809,0.1157418936399251,0.1064323204099151,0.2302749590740529,0.2302749590740529,0.1095019698385858
precision1,oracle_four_file,winter_day,relative_humidity,class,4.0,15,0.1027170432578622,0.1085016173196404,0.0976369142945791,0.1619054352496231,0.216300056138953,0.1112022012977233
precision1,oracle_four_file,winter_day,relative_humidity,class,5.0,15,0.2080967788453346,0.2181224527039289,0.2001258761389099,0.2860220412111767,0.2860220412111767,0.2031796634252944
precision1,oracle_four_file,winter_day,relative_humidity,class,6.0,15,0.3199299334113666,0.4226975010161956,0.264696245844369,1.1007261173189202,1.1007261173189202,0.3175648066499555
precision1,oracle_four_file,winter_night,dry_bulb_temperature,citywide_nonmedoid,,105,0.0617599483628245,0.0698832935687432,0.0630061919161936,0.0953833599113878,0.4702602350238521,0.0671151405326234
precision1,oracle_four_file,winter_night,dry_bulb_temperature,class,0.0,15,0.0631521316454294,0.0691702765134577,0.0567350374007497,0.112863170423727,0.112863170423727,0.0613769805988232
precision1,oracle_four_file,winter_night,dry_bulb_temperature,class,1.0,15,0.0557024792920303,0.062261283256487,0.0630061919161936,0.0953833599113878,0.1278520779891897,0.061456904453643
precision1,oracle_four_file,winter_night,dry_bulb_temperature,class,2.0,15,0.0492023458247395,0.0530989348752072,0.0585227171695609,0.080121245118969,0.080121245118969,0.0504358146920768
precision1,oracle_four_file,winter_night,dry_bulb_temperature,class,3.0,15,0.0532692208703893,0.05493825457167,0.0521515121523836,0.067191160241895,0.067191160241895,0.0522614298392657
precision1,oracle_four_file,winter_night,dry_bulb_temperature,class,4.0,15,0.0483898168245405,0.0507408454183774,0.0490757058881979,0.0684067772920723,0.0782126339999882,0.0505392855766126
precision1,oracle_four_file,winter_night,dry_bulb_temperature,class,5.0,15,0.0751694296174174,0.0767294331010009,0.0821528103541458,0.0889756521002609,0.0889756521002609,0.0747326539839951
precision1,oracle_four_file,winter_night,dry_bulb_temperature,class,6.0,15,0.1221590402187947,0.1635556708986432,0.0842712783316377,0.4702602350238521,0.4702602350238521,0.1190029145839478
precision1,oracle_four_file,winter_night,relative_humidity,citywide_nonmedoid,,105,0.2034995350352338,0.2517584728666976,0.190057346271579,0.3957766973170529,1.9495690798403629,0.2288022426259534
precision1,oracle_four_file,winter_night,relative_humidity,class,0.0,15,0.218152489186181,0.2621011362771919,0.165734573091883,0.480045976125349,0.480045976125349,0.211690326646599
precision1,oracle_four_file,winter_night,relative_humidity,class,1.0,15,0.1822311114440177,0.2186350920014337,0.1971175064658421,0.3957766973170529,0.5508277154983873,0.2115936489550941
precision1,oracle_four_file,winter_night,relative_humidity,class,2.0,15,0.1472511099692565,0.1670137786731357,0.1649175618234825,0.2991364249512265,0.2991364249512265,0.1533239153404827
precision1,oracle_four_file,winter_night,relative_humidity,class,3.0,15,0.1558661095084515,0.1640962670267461,0.1560882862791219,0.2170396901634057,0.2170396901634057,0.1517807727950505
precision1,oracle_four_file,winter_night,relative_humidity,class,4.0,15,0.1294583920424934,0.1409128757738034,0.125593827570504,0.22472001301416,0.2725708564664826,0.1396864923824441
precision1,oracle_four_file,winter_night,relative_humidity,class,5.0,15,0.2695220445072325,0.2824339337778441,0.3078713993452437,0.3609802994025803,0.3609802994025803,0.2674129050907359
precision1,oracle_four_file,winter_night,relative_humidity,class,6.0,15,0.4801694832534297,0.6696963061430543,0.3075217017863896,1.9495690798403629,1.9495690798403629,0.4661276371712675
precision3,assigned_class_medoid,daytime,dry_bulb_temperature,citywide_nonmedoid,,105,0.0225083546526169,0.0299576715832446,0.0195534742734989,0.051382270008563,0.2165058489935129,0.0312258675909817
precision3,assigned_class_medoid,daytime,dry_bulb_temperature,class,0.0,15,0.0194220785696245,0.0209891554280504,0.0195889261420135,0.0312868194051928,0.0312868194051928,0.0196923720842179
precision3,assigned_class_medoid,daytime,dry_bulb_temperature,class,1.0,15,0.0202316182379802,0.022527147266547,0.0196946901960352,0.035470806055005,0.0584298822654342,0.0240823034164702
precision3,assigned_class_medoid,daytime,dry_bulb_temperature,class,2.0,15,0.0226338337529813,0.0279715811757485,0.0161161523105486,0.0651971789736237,0.0651971789736237,0.0249836112053153
precision3,assigned_class_medoid,daytime,dry_bulb_temperature,class,3.0,15,0.0164329128982209,0.0185412048142996,0.0162542934264925,0.0340025918969093,0.0363427902317156,0.0189653467335688
precision3,assigned_class_medoid,daytime,dry_bulb_temperature,class,4.0,15,0.01899529046225,0.0209565409786502,0.0185301309608069,0.0332703194341614,0.0505456618013914,0.0215545203075403
precision3,assigned_class_medoid,daytime,dry_bulb_temperature,class,5.0,15,0.023284890224479,0.0287209613818721,0.0250520189399584,0.051382270008563,0.0972049099611122,0.0287602161198193
precision3,assigned_class_medoid,daytime,dry_bulb_temperature,class,6.0,15,0.0829005093074916,0.0983436826864181,0.0798281144327064,0.2165058489935129,0.2165058489935129,0.0805427032699404
precision3,assigned_class_medoid,daytime,relative_humidity,citywide_nonmedoid,,105,0.0968073698017754,0.1259576194367392,0.0851416212090213,0.2061685295021469,0.8685450862764564,0.1318970069842329
precision3,assigned_class_medoid,daytime,relative_humidity,class,0.0,15,0.0872459256006135,0.0944376320448097,0.0859706929462715,0.1423289793266444,0.1423289793266444,0.0882496666803061
precision3,assigned_class_medoid,daytime,relative_humidity,class,1.0,15,0.0906086172797917,0.1009155134040355,0.0907930458182221,0.1603706124367345,0.2543849714480597,0.1071960464487457
precision3,assigned_class_medoid,daytime,relative_humidity,class,2.0,15,0.0990900613392873,0.1224548314328515,0.071695984233785,0.2813899429617199,0.2813899429617199,0.1087887600410289
precision3,assigned_class_medoid,daytime,relative_humidity,class,3.0,15,0.0685556421894857,0.0781196258994679,0.0603637054912907,0.1492359712474014,0.156754945010957,0.0786996399192135
precision3,assigned_class_medoid,daytime,relative_humidity,class,4.0,15,0.0814295068115985,0.0895235439900473,0.0833105430023263,0.1422697948285156,0.1996071209644736,0.0909965185498399
precision3,assigned_class_medoid,daytime,relative_humidity,class,5.0,15,0.0997982710876189,0.1209452220930307,0.1086771862992314,0.2051071103407409,0.3939889079517863,0.1222526136146025
precision3,assigned_class_medoid,daytime,relative_humidity,class,6.0,15,0.3361891824771388,0.3962011937778339,0.3278441131957039,0.8685450862764564,0.8685450862764564,0.3270958036358934
precision3,assigned_class_medoid,nighttime,dry_bulb_temperature,citywide_nonmedoid,,105,0.0411082082867932,0.0574618698798489,0.0333199276696195,0.0969284594724777,0.4430673972356245,0.0579558850049742
precision3,assigned_class_medoid,nighttime,dry_bulb_temperature,class,0.0,15,0.0433954481988077,0.0506223518179256,0.0319993614376926,0.0859395268959809,0.0859395268959809,0.0434735237476845
precision3,assigned_class_medoid,nighttime,dry_bulb_temperature,class,1.0,15,0.0441849846301016,0.0530090788879872,0.0409862322356753,0.0939189804344401,0.1202615025493769,0.0543586917850222
precision3,assigned_class_medoid,nighttime,dry_bulb_temperature,class,2.0,15,0.0552980743390661,0.073647034956961,0.0417378506096802,0.1608452211283174,0.1608452211283174,0.059292392122774
precision3,assigned_class_medoid,nighttime,dry_bulb_temperature,class,3.0,15,0.0313126040952907,0.0392795919335738,0.0252669175660124,0.0863586011400577,0.0863586011400577,0.0329699631445362
precision3,assigned_class_medoid,nighttime,dry_bulb_temperature,class,4.0,15,0.0268354784030164,0.0303306036139612,0.0256622868824376,0.0521367450331184,0.0694948521466579,0.0299312217002931
precision3,assigned_class_medoid,nighttime,dry_bulb_temperature,class,5.0,15,0.031276052170494,0.0373454429835274,0.0333199276696195,0.058104920059835,0.1133249076911,0.0383820340855225
precision3,assigned_class_medoid,nighttime,dry_bulb_temperature,class,6.0,15,0.152099628500702,0.1830769631442326,0.1393695548929185,0.4430673972356245,0.4430673972356245,0.1472833684489869
precision3,assigned_class_medoid,nighttime,relative_humidity,citywide_nonmedoid,,105,0.1717004424208621,0.2367132907988267,0.1399303365491485,0.4052806840656392,1.751695723835652,0.2395565430529081
precision3,assigned_class_medoid,nighttime,relative_humidity,class,0.0,15,0.1831900873529697,0.213467367264803,0.1367135458076701,0.3674964774782257,0.3674964774782257,0.1837216743524768
precision3,assigned_class_medoid,nighttime,relative_humidity,class,1.0,15,0.1874100030522273,0.2245299386375113,0.1739063944145378,0.3991637191147691,0.5052601716896854,0.2298951252934898
precision3,assigned_class_medoid,nighttime,relative_humidity,class,2.0,15,0.2349057746071517,0.3121538262638174,0.1736219979539343,0.677169362276144,0.677169362276144,0.2518270340690725
precision3,assigned_class_medoid,nighttime,relative_humidity,class,3.0,15,0.1296563298312633,0.1622233896089378,0.1074830633360883,0.3505818282011209,0.3505818282011209,0.1367016477768637
precision3,assigned_class_medoid,nighttime,relative_humidity,class,4.0,15,0.1117972957538284,0.1262674148863536,0.1078160258671685,0.2179643649396884,0.2826464020370237,0.1242993344167947
precision3,assigned_class_medoid,nighttime,relative_humidity,class,5.0,15,0.1312117157322597,0.1561498297049571,0.1399303365491485,0.2458794457177825,0.4693676178973083,0.1605677700203781
precision3,assigned_class_medoid,nighttime,relative_humidity,class,6.0,15,0.6082182426458742,0.726973240813841,0.5608418106112278,1.751695723835652,1.751695723835652,0.5898832154412812
precision3,assigned_class_medoid,summer,dry_bulb_temperature,citywide_nonmedoid,,105,0.0316951636812579,0.0444187262370167,0.0279862419035394,0.0693066445191158,0.3157998652192484,0.0454229202490951
precision3,assigned_class_medoid,summer,dry_bulb_temperature,class,0.0,15,0.0312321339699743,0.0357628656939352,0.0246415237017941,0.0590754125807403,0.0590754125807403,0.0312284625167815
precision3,assigned_class_medoid,summer,dry_bulb_temperature,class,1.0,15,0.0314306663633549,0.0371143259218624,0.0287076686060392,0.0627367773570748,0.0889370633060717,0.0387492773288449
precision3,assigned_class_medoid,summer,dry_bulb_temperature,class,2.0,15,0.0380059796397927,0.0498623258100962,0.0296072269398435,0.1122308021887357,0.1122308021887357,0.0410885470218735
precision3,assigned_class_medoid,summer,dry_bulb_temperature,class,3.0,15,0.0244020831598069,0.0299618074711383,0.018837249943345,0.0693066445191158,0.0693066445191158,0.0260914389621036
precision3,assigned_class_medoid,summer,dry_bulb_temperature,class,4.0,15,0.0226945755779193,0.0253612281494438,0.0219498777023367,0.0404011279351643,0.0657425084209528,0.0259165219444043
precision3,assigned_class_medoid,summer,dry_bulb_temperature,class,5.0,15,0.0261657521063186,0.0323223885014501,0.0279862419035394,0.058096893972511,0.1066950120295482,0.0326503432633462
precision3,assigned_class_medoid,summer,dry_bulb_temperature,class,6.0,15,0.1265787375410235,0.1503203232874603,0.1248159701787297,0.3157998652192484,0.3157998652192484,0.1222358507063116
precision3,assigned_class_medoid,summer,relative_humidity,citywide_nonmedoid,,105,0.1190974186383095,0.1664008929574225,0.1036787688629288,0.2690033162490854,1.150131715550334,0.1702600050835708
precision3,assigned_class_medoid,summer,relative_humidity,class,0.0,15,0.1196285844646377,0.1375344132305594,0.0940024536555321,0.2284454109480913,0.2284454109480913,0.1195747664469834
precision3,assigned_class_medoid,summer,relative_humidity,class,1.0,15,0.1207640409236656,0.142990288851996,0.1112395939751649,0.2418281493646606,0.3395149478562772,0.148889633758457
precision3,assigned_class_medoid,summer,relative_humidity,class,2.0,15,0.1449930638222256,0.1911420104303071,0.1148330478158355,0.4276455471830625,0.4276455471830625,0.1563960397378596
precision3,assigned_class_medoid,summer,relative_humidity,class,3.0,15,0.0917801732046823,0.1140677469009833,0.0685405992990788,0.2690033162490854,0.2690033162490854,0.0977283196105192
precision3,assigned_class_medoid,summer,relative_humidity,class,4.0,15,0.0834381516840941,0.0935750238522513,0.0807137092993033,0.1508145332908286,0.2466452799582488,0.0955868901496092
precision3,assigned_class_medoid,summer,relative_humidity,class,5.0,15,0.0961942807520053,0.118062114921345,0.1036787688629288,0.2086963111155156,0.3824820709633054,0.119654510909521
precision3,assigned_class_medoid,summer,relative_humidity,class,6.0,15,0.4702953199229158,0.5550393184948754,0.4652644291916569,1.150131715550334,1.150131715550334,0.4539898749720459
precision3,assigned_class_medoid,summer_day,dry_bulb_temperature,citywide_nonmedoid,,105,0.018115199742097,0.0259753515586564,0.0134691849617449,0.0418277977309787,0.1834686994045637,0.0259610222225079
precision3,assigned_class_medoid,summer_day,dry_bulb_temperature,class,0.0,15,0.0115960047231479,0.0125622441986419,0.0120124593788228,0.0181299322790915,0.018521881904645,0.0119690920679479
precision3,assigned_class_medoid,summer_day,dry_bulb_temperature,class,1.0,15,0.0123153143429491,0.0140412210497126,0.0106728764369771,0.0223794381785516,0.043255094354467,0.0151592712744594
precision3,assigned_class_medoid,summer_day,dry_bulb_temperature,class,2.0,15,0.0144536638270584,0.0173160180477498,0.0125585876539348,0.0418277977309787,0.0418277977309787,0.0162958277603571
precision3,assigned_class_medoid,summer_day,dry_bulb_temperature,class,3.0,15,0.0147770975029841,0.0166102742597823,0.0165550635004688,0.029194974553202,0.0294159371571644,0.0170813769222408
precision3,assigned_class_medoid,summer_day,dry_bulb_temperature,class,4.0,15,0.0172325856096425,0.0194116542352082,0.0160860901117073,0.0336234370510464,0.0533426306786901,0.0201819416720277
precision3,assigned_class_medoid,summer_day,dry_bulb_temperature,class,5.0,15,0.0213813438726697,0.0277626206202894,0.0203851127864213,0.0551749494384665,0.1011007766091111,0.0268006593211842
precision3,assigned_class_medoid,summer_day,dry_bulb_temperature,class,6.0,15,0.0763698951273469,0.0906276485675231,0.0790186479339622,0.1834686994045637,0.1834686994045637,0.0742389865393384
precision3,assigned_class_medoid,summer_day,relative_humidity,citywide_nonmedoid,,105,0.06299648317504,0.0894215576474419,0.049863680289584,0.1420108868552972,0.6241763819127609,0.0896293663843963
precision3,assigned_class_medoid,summer_day,relative_humidity,class,0.0,15,0.0410627432718576,0.044541974777376,0.0440181128888448,0.0671238151282914,0.0671238151282914,0.0422423607897236
precision3,assigned_class_medoid,summer_day,relative_humidity,class,1.0,15,0.0440426544587635,0.0503505206488654,0.0378087953934989,0.0821749821217083,0.1591569933832789,0.0541778869521278
precision3,assigned_class_medoid,summer_day,relative_humidity,class,2.0,15,0.049658030471298,0.0592871198108614,0.0427630773359712,0.1420108868552972,0.1420108868552972,0.05580821094378
precision3,assigned_class_medoid,summer_day,relative_humidity,class,3.0,15,0.0507088275051719,0.0571205203069588,0.0556554420802781,0.1058000958952259,0.1058000958952259,0.0587481607865511
precision3,assigned_class_medoid,summer_day,relative_humidity,class,4.0,15,0.0594432081476504,0.0668742406634694,0.0570101012044731,0.1142462528232458,0.1856503215573658,0.0696750776361085
precision3,assigned_class_medoid,summer_day,relative_humidity,class,5.0,15,0.0749214673054931,0.0962386893331017,0.0734421448071867,0.1879920041511668,0.3471186910860248,0.093536669600021
precision3,assigned_class_medoid,summer_day,relative_humidity,class,6.0,15,0.2603726297552382,0.3086702102182496,0.2692607577175521,0.6241763819127609,0.6241763819127609,0.2532171979824619
precision3,assigned_class_medoid,summer_night,dry_bulb_temperature,citywide_nonmedoid,,105,0.0399148501516296,0.0571955207375742,0.0318697471474478,0.0935653536830597,0.4162637188208425,0.057555330403668
precision3,assigned_class_medoid,summer_night,dry_bulb_temperature,class,0.0,15,0.0418534918924306,0.0489913782820874,0.0318579926233444,0.0815543640691591,0.0815543640691591,0.0417619785953984
precision3,assigned_class_medoid,summer_night,dry_bulb_temperature,class,1.0,15,0.0419715416916891,0.0505746031986566,0.0391707822509247,0.0872651571377329,0.1181041882043247,0.051970578669749
precision3,assigned_class_medoid,summer_night,dry_bulb_temperature,class,2.0,15,0.0506656167975504,0.0683568474211207,0.0411783904015877,0.1531076133209273,0.1531076133209273,0.0544181283540669
precision3,assigned_class_medoid,summer_night,dry_bulb_temperature,class,3.0,15,0.03030056094627,0.0389810031026643,0.0208713641947896,0.0935653536830597,0.0935653536830597,0.0317422136736425
precision3,assigned_class_medoid,summer_night,dry_bulb_temperature,class,4.0,15,0.026624097271415,0.0301591025454838,0.0250272620026951,0.0505005500520099,0.0761493176544279,0.0301766868699401
precision3,assigned_class_medoid,summer_night,dry_bulb_temperature,class,5.0,15,0.0299921128932248,0.0363140536593098,0.0308862859434522,0.0608787576496846,0.1120101966474725,0.037161434182695
precision3,assigned_class_medoid,summer_night,dry_bulb_temperature,class,6.0,15,0.1614017546435108,0.1922993200757992,0.154241253556644,0.4162637188208425,0.4162637188208425,0.1556562924801845
precision3,assigned_class_medoid,summer_night,relative_humidity,citywide_nonmedoid,,105,0.1525991889531436,0.217674755959345,0.1246106267049324,0.3654201800866667,1.5309824146332354,0.2195105052113109
precision3,assigned_class_medoid,summer_night,relative_humidity,class,0.0,15,0.1616099182788861,0.1893342074963744,0.1232597790561424,0.3160205768761072,0.3160205768761072,0.1612852336079018
precision3,assigned_class_medoid,summer_night,relative_humidity,class,1.0,15,0.162487918900964,0.1958501224976454,0.1520186257282507,0.3377139172298209,0.4573068540303867,0.2010957298434773
precision3,assigned_class_medoid,summer_night,relative_humidity,class,2.0,15,0.1953593809744434,0.2637339070487749,0.1600702856779258,0.5878727209741696,0.5878727209741696,0.2095603860025526
precision3,assigned_class_medoid,summer_night,relative_humidity,class,3.0,15,0.1166057988371224,0.1508646675865356,0.079360564963983,0.3654201800866667,0.3654201800866667,0.1219407863812267
precision3,assigned_class_medoid,summer_night,relative_humidity,class,4.0,15,0.1004938830614027,0.1141945975674119,0.0945022599743256,0.1918772316875374,0.2952994181454014,0.1145308933732457
precision3,assigned_class_medoid,summer_night,relative_humidity,class,5.0,15,0.1129058959086913,0.1364384133404097,0.1138831548158887,0.2275242996290194,0.4148417571984319,0.1396095072322525
precision3,assigned_class_medoid,summer_night,relative_humidity,class,6.0,15,0.6104626441081727,0.7217063055525655,0.5884950759884567,1.5309824146332354,1.5309824146332354,0.5885510000385193
precision3,assigned_class_medoid,whole_year,dry_bulb_temperature,citywide_nonmedoid,,105,0.0335116436109503,0.0458220938891831,0.0276624137128359,0.0785030879478737,0.3487000868522637,0.0469711054632614
precision3,assigned_class_medoid,whole_year,dry_bulb_temperature,class,0.0,15,0.0338977435935242,0.0387502719291148,0.0264012115745232,0.0646701915552991,0.0646701915552991,0.0339990817139771
precision3,assigned_class_medoid,whole_year,dry_bulb_temperature,class,1.0,15,0.03468465201839,0.0407273544962201,0.0321108205208236,0.0700642048996431,0.0916848663958638,0.0423511746926666
precision3,assigned_class_medoid,whole_year,dry_bulb_temperature,class,2.0,15,0.0427468035601261,0.0557059023417776,0.0308533502839528,0.1227229752449313,0.1227229752449313,0.0461096832073126
precision3,assigned_class_medoid,whole_year,dry_bulb_temperature,class,3.0,15,0.0253234169871451,0.0307136990480948,0.0216227910160599,0.0656276780275492,0.0656276780275492,0.0272694757267985
precision3,assigned_class_medoid,whole_year,dry_bulb_temperature,class,4.0,15,0.0233724476029371,0.0260683920234552,0.0219069639268692,0.0433086841555786,0.0607634692962247,0.0261970694037389
precision3,assigned_class_medoid,whole_year,dry_bulb_temperature,class,5.0,15,0.0276152786718706,0.0333134787611177,0.0299275399657544,0.0545505693084146,0.1055730297560515,0.0339991560101615
precision3,assigned_class_medoid,whole_year,dry_bulb_temperature,class,6.0,15,0.1226660030149277,0.1469500839714656,0.1151188431984995,0.3487000868522637,0.3487000868522637,0.1188720974881747
precision3,assigned_class_medoid,whole_year,relative_humidity,citywide_nonmedoid,,105,0.1407387100270552,0.1896028796392347,0.1131105456973185,0.3281170444567209,1.382535438207478,0.1949030977629587
precision3,assigned_class_medoid,whole_year,relative_humidity,class,0.0,15,0.1445024944712728,0.1650557227623404,0.1131105456973185,0.2786675432437983,0.2786675432437983,0.1450358186406505
precision3,assigned_class_medoid,whole_year,relative_humidity,class,1.0,15,0.1484599709791899,0.1740655540165324,0.138720602628475,0.2989546698660236,0.3862591385923686,0.1806092458199129
precision3,assigned_class_medoid,whole_year,relative_humidity,class,2.0,15,0.1820185577335502,0.2371025063051734,0.1328249079216076,0.5185261059992445,0.5185261059992445,0.1961320113589045
precision3,assigned_class_medoid,whole_year,relative_humidity,class,3.0,15,0.1047024471031423,0.1273167390543876,0.0903242731222814,0.2694243802804374,0.2694243802804374,0.1127472544897352
precision3,assigned_class_medoid,whole_year,relative_humidity,class,4.0,15,0.098116756389817,0.1094484467469057,0.0901320384809452,0.1840504807167175,0.2446752861694462,0.1092175429491464
precision3,assigned_class_medoid,whole_year,relative_humidity,class,5.0,15,0.1166734989902639,0.1396612259433871,0.1252821414022681,0.2202302347057253,0.4333204474287099,0.1429052551689656
precision3,assigned_class_medoid,whole_year,relative_humidity,class,6.0,15,0.49212262591543,0.5854338044605724,0.4636285006811332,1.382535438207478,1.382535438207478,0.4776745559133953
precision3,assigned_class_medoid,winter,dry_bulb_temperature,citywide_nonmedoid,,105,0.0350183828258322,0.0471911132120502,0.0281478956461052,0.0833584788069635,0.3789116892145757,0.0480517871494203
precision3,assigned_class_medoid,winter,dry_bulb_temperature,class,0.0,15,0.0363205192102952,0.0415380267827134,0.028059521866904,0.0719030320395706,0.0719030320395706,0.03647699659607
precision3,assigned_class_medoid,winter,dry_bulb_temperature,class,1.0,15,0.0375931917337379,0.0440625341733244,0.0352025080795612,0.0767295837946748,0.0958582544440224,0.0455956096849503
precision3,assigned_class_medoid,winter,dry_bulb_temperature,class,2.0,15,0.0469063460618331,0.0610199403048333,0.0338706600426034,0.1324373409103311,0.1324373409103311,0.0505215456206167
precision3,assigned_class_medoid,winter,dry_bulb_temperature,class,3.0,15,0.0260292332308593,0.0314516037515072,0.0241011917766517,0.0617077442139209,0.0617077442139209,0.0281533027015326
precision3,assigned_class_medoid,winter,dry_bulb_temperature,class,4.0,15,0.0239324883530297,0.0267606065463819,0.0224583099723284,0.0460474800748686,0.0553069626633719,0.0263261258268784
precision3,assigned_class_medoid,winter,dry_bulb_temperature,class,5.0,15,0.0288568612414796,0.0342811370778561,0.0310910867879474,0.0547544635810751,0.1044327298070152,0.0351549916992533
precision3,assigned_class_medoid,winter,dry_bulb_temperature,class,6.0,15,0.1171635335710584,0.1434815318140679,0.1042496299656998,0.3789116892145757,0.3789116892145757,0.1141339379166411
precision3,assigned_class_medoid,winter,relative_humidity,citywide_nonmedoid,,105,0.1586779824187164,0.2103678476971076,0.1333737604691605,0.3652639447210562,1.5821629453449826,0.215220114119182
precision3,assigned_class_medoid,winter,relative_humidity,class,0.0,15,0.1654528974767893,0.1887242032078121,0.1295116770655719,0.3284218487163813,0.3284218487163813,0.1662703643324033
precision3,assigned_class_medoid,winter,relative_humidity,class,1.0,15,0.1715345788437507,0.2005132080891269,0.1617105641187953,0.3470398787268401,0.4324941436538438,0.2072870595122583
precision3,assigned_class_medoid,winter,relative_humidity,class,2.0,15,0.2122926254566578,0.2756956175082847,0.153535400727509,0.5960959621254542,0.5960959621254542,0.2287057208426484
precision3,assigned_class_medoid,winter,relative_humidity,class,3.0,15,0.1154730091394353,0.1393744065035505,0.1078802553590646,0.2698470954063938,0.2698470954063938,0.1250599018075006
precision3,assigned_class_medoid,winter,relative_humidity,class,4.0,15,0.1105501036911308,0.1233667172311372,0.1046927564833081,0.2122858611848051,0.2426783448828749,0.1207111217299853
precision3,assigned_class_medoid,winter,relative_humidity,class,5.0,15,0.1336399161890659,0.1584374916849524,0.14376759169314,0.2544485769201771,0.4790287728803488,0.1624612826272721
precision3,assigned_class_medoid,winter,relative_humidity,class,6.0,15,0.5082712044253364,0.6144813225736496,0.4573855893892508,1.5821629453449826,1.5821629453449826,0.4960453479822058
precision3,assigned_class_medoid,winter_day,dry_bulb_temperature,citywide_nonmedoid,,105,0.0255645983039952,0.0334877462440977,0.0230802767709613,0.0584749523723196,0.2601530834556874,0.0348999334707741
precision3,assigned_class_medoid,winter_day,dry_bulb_temperature,class,0.0,15,0.0246054625816567,0.026922719012699,0.0248974177427381,0.0419119629385529,0.0419119629385529,0.0248156853943824
precision3,assigned_class_medoid,winter_day,dry_bulb_temperature,class,1.0,15,0.0255528603480616,0.0286268034357598,0.0255390152583512,0.0449408290260995,0.070466853065483,0.0302306977099427
precision3,assigned_class_medoid,winter_day,dry_bulb_temperature,class,2.0,15,0.0282564223409002,0.0356037312827752,0.0195346269058727,0.0822527931320388,0.0822527931320388,0.0309790440025416
precision3,assigned_class_medoid,winter_day,dry_bulb_temperature,class,3.0,15,0.0176411145718466,0.0202983812375249,0.0174197926458432,0.0382318632334387,0.0457583235687691,0.0202757389295034
precision3,assigned_class_medoid,winter_day,dry_bulb_temperature,class,4.0,15,0.0202983397928437,0.022402757874077,0.0194624415230111,0.0367918919738889,0.0475677943039726,0.0225009252144251
precision3,assigned_class_medoid,winter_day,dry_bulb_temperature,class,5.0,15,0.0247765585032542,0.0296533566755247,0.0267027628867791,0.0472628793230455,0.0931234508930329,0.030194947113078
precision3,assigned_class_medoid,winter_day,dry_bulb_temperature,class,6.0,15,0.0877363721242355,0.1055348319418904,0.0806338358022888,0.2601530834556874,0.2601530834556874,0.0853024959315456
precision3,assigned_class_medoid,winter_day,relative_humidity,citywide_nonmedoid,,105,0.1198528346997615,0.1542000832278188,0.1097176988604093,0.26907736472087,1.099786147002768,0.1612917329023007
precision3,assigned_class_medoid,winter_day,relative_humidity,class,0.0,15,0.115571937241355,0.1260596950155826,0.1166173849340847,0.1951326741761501,0.1951326741761501,0.1165440507868318
precision3,assigned_class_medoid,winter_day,relative_humidity,class,1.0,15,0.1195512785755754,0.1336964208494002,0.1220008650813021,0.2116339949114927,0.3229688168925628,0.1408224236246266
precision3,assigned_class_medoid,winter_day,relative_humidity,class,2.0,15,0.1303003686206166,0.1629063751247668,0.0928104679819737,0.3721797367002352,0.3721797367002352,0.1424332371186935
precision3,assigned_class_medoid,winter_day,relative_humidity,class,3.0,15,0.0817745075668945,0.0946477787845455,0.0802515390743974,0.1827839065723004,0.2044561579234545,0.0934246325846512
precision3,assigned_class_medoid,winter_day,relative_humidity,class,4.0,15,0.0975312398221303,0.1075928853796658,0.0892190065822924,0.1785266702149064,0.2127193158272359,0.1068856345650209
precision3,assigned_class_medoid,winter_day,relative_humidity,class,5.0,15,0.1188425060171048,0.1415029714344576,0.1262941233236157,0.2220994357054052,0.4360664971386131,0.144252372624435
precision3,assigned_class_medoid,winter_day,relative_humidity,class,6.0,15,0.3950429925519496,0.4679876854205834,0.3776961338238642,1.099786147002768,1.099786147002768,0.3846797790118463
precision3,assigned_class_medoid,winter_night,dry_bulb_temperature,citywide_nonmedoid,,105,0.0419856013963911,0.0577284434562027,0.0339125072824636,0.1001646949639249,0.4684746627250876,0.0578128696803405
precision3,assigned_class_medoid,winter_night,dry_bulb_temperature,class,0.0,15,0.0447853913603546,0.0522109427128652,0.0339125072824636,0.0926470690070895,0.0926470690070895,0.044972441713823
precision3,assigned_class_medoid,winter_night,dry_bulb_temperature,class,1.0,15,0.0460862252796448,0.0553490737104166,0.0427339659968139,0.1001646949639249,0.1225935689593183,0.0564309403489677
precision3,assigned_class_medoid,winter_night,dry_bulb_temperature,class,2.0,15,0.0594115294505155,0.0786081455598259,0.0443241938167989,0.1682669799954125,0.1682669799954125,0.0636404217665831
precision3,assigned_class_medoid,winter_night,dry_bulb_temperature,class,3.0,15,0.0320183543002046,0.0395775501543455,0.0290230030658391,0.0784475367722978,0.0784475367722978,0.0338690406795059
precision3,assigned_class_medoid,winter_night,dry_bulb_temperature,class,4.0,15,0.0269923553266079,0.0305020747670712,0.026285337282294,0.0537317180766866,0.062088849104732,0.0295666683507751
precision3,assigned_class_medoid,winter_night,dry_bulb_temperature,class,5.0,15,0.0324013265809839,0.0383545454486902,0.0349324177451806,0.0620482870572582,0.1146316404997459,0.0394566504328824
precision3,assigned_class_medoid,winter_night,dry_bulb_temperature,class,6.0,15,0.1402899280391552,0.1733098358155696,0.1226107240497936,0.4684746627250876,0.4684746627250876,0.1367539244698467
precision3,assigned_class_medoid,winter_night,relative_humidity,citywide_nonmedoid,,105,0.1876617967305003,0.2544240496139481,0.1548867969576324,0.4526162348435549,1.9485763013303397,0.255727694839725
precision3,assigned_class_medoid,winter_night,relative_humidity,class,0.0,15,0.2020245708808295,0.2352500861751711,0.1548867969576324,0.4214796091122746,0.4214796091122746,0.2030350965280646
precision3,assigned_class_medoid,winter_night,relative_humidity,class,1.0,15,0.2085370095206453,0.250072710003405,0.194479581684833,0.4526162348435549,0.5492720094676363,0.2545990704010099
precision3,assigned_class_medoid,winter_night,relative_humidity,class,2.0,15,0.2679959607551612,0.3542282597002357,0.1928704999783656,0.7564013720996847,0.7564013720996847,0.287316773892049
precision3,assigned_class_medoid,winter_night,relative_humidity,class,3.0,15,0.1402652543206569,0.1728937487232711,0.1297535720851816,0.3349999302935799,0.3349999302935799,0.1487146731286719
precision3,assigned_class_medoid,winter_night,relative_humidity,class,4.0,15,0.1218672259098484,0.1373406890053083,0.1197193126769395,0.2413686013961359,0.2693251767365536,0.1327827969641014
precision3,assigned_class_medoid,winter_night,relative_humidity,class,5.0,15,0.1468408864776255,0.1737290609485293,0.1593362333444913,0.2831254090553287,0.518442996449721,0.1786737568817779
precision3,assigned_class_medoid,winter_night,relative_humidity,class,6.0,15,0.5988412712254598,0.7322309184119503,0.5251178774869604,1.9485763013303397,1.9485763013303397,0.5849716960824001
precision3,assigned_four_file,daytime,dry_bulb_temperature,citywide_nonmedoid,,105,0.0320659779232759,0.0389016070193597,0.027759617198945,0.0693189718837036,0.2165058489935129,0.0373028429701657
precision3,assigned_four_file,daytime,dry_bulb_temperature,class,0.0,15,0.0309293491341545,0.0323712726768116,0.0330912671783707,0.0479636587123796,0.0479636587123796,0.0295527580587797
precision3,assigned_four_file,daytime,dry_bulb_temperature,class,1.0,15,0.0202316182379802,0.022527147266547,0.0196946901960352,0.035470806055005,0.0584298822654342,0.0240823034164702
precision3,assigned_four_file,daytime,dry_bulb_temperature,class,2.0,15,0.0226338337529813,0.0279715811757485,0.0161161523105486,0.0651971789736237,0.0651971789736237,0.0249836112053153
precision3,assigned_four_file,daytime,dry_bulb_temperature,class,3.0,15,0.0299201687480628,0.0317515274094772,0.030373200004919,0.049243269015968,0.0493677029172332,0.0303738519177844
precision3,assigned_four_file,daytime,dry_bulb_temperature,class,4.0,15,0.01899529046225,0.0209565409786502,0.0185301309608069,0.0332703194341614,0.0505456618013914,0.0215545203075403
precision3,assigned_four_file,daytime,dry_bulb_temperature,class,5.0,15,0.0461467679315958,0.0502837998353134,0.0476522050738665,0.07681632008866,0.1233311714607515,0.05003015261533
precision3,assigned_four_file,daytime,dry_bulb_temperature,class,6.0,15,0.0829005093074916,0.0983436826864181,0.0798281144327064,0.2165058489935129,0.2165058489935129,0.0805427032699404
precision3,assigned_four_file,daytime,relative_humidity,citywide_nonmedoid,,105,0.137798481538745,0.1646601007896239,0.1240726201403563,0.2957777198996589,0.8685450862764564,0.1576356737568694
precision3,assigned_four_file,daytime,relative_humidity,class,0.0,15,0.1276498718138167,0.1345120682096691,0.1387745798706118,0.2056004720558516,0.2056004720558516,0.122261402942068
precision3,assigned_four_file,daytime,relative_humidity,class,1.0,15,0.0906086172797917,0.1009155134040355,0.0907930458182221,0.1603706124367345,0.2543849714480597,0.1071960464487457
precision3,assigned_four_file,daytime,relative_humidity,class,2.0,15,0.0990900613392873,0.1224548314328515,0.071695984233785,0.2813899429617199,0.2813899429617199,0.1087887600410289
precision3,assigned_four_file,daytime,relative_humidity,class,3.0,15,0.1356165856684778,0.1434390457488215,0.1401978942187756,0.2228702947116106,0.2228702947116106,0.1362663532299769
precision3,assigned_four_file,daytime,relative_humidity,class,4.0,15,0.0814295068115985,0.0895235439900473,0.0833105430023263,0.1422697948285156,0.1996071209644736,0.0909965185498399
precision3,assigned_four_file,daytime,relative_humidity,class,5.0,15,0.1957051240003453,0.2121358895439525,0.2047386004654421,0.3087918991591285,0.5035623892912137,0.210844831450533
precision3,assigned_four_file,daytime,relative_humidity,class,6.0,15,0.3361891824771388,0.3962011937778339,0.3278441131957039,0.8685450862764564,0.8685450862764564,0.3270958036358934
precision3,assigned_four_file,nighttime,dry_bulb_temperature,citywide_nonmedoid,,105,0.0559882459874495,0.0700323780050431,0.0485769925058482,0.1335761715550567,0.4430673972356245,0.0672093613505425
precision3,assigned_four_file,nighttime,dry_bulb_temperature,class,0.0,15,0.0480211274333829,0.057341950571689,0.0518656919359994,0.1016464348459648,0.1016464348459648,0.0462494037528479
precision3,assigned_four_file,nighttime,dry_bulb_temperature,class,1.0,15,0.0441849846301016,0.0530090788879872,0.0409862322356753,0.0939189804344401,0.1202615025493769,0.0543586917850222
precision3,assigned_four_file,nighttime,dry_bulb_temperature,class,2.0,15,0.0552980743390661,0.073647034956961,0.0417378506096802,0.1608452211283174,0.1608452211283174,0.059292392122774
precision3,assigned_four_file,nighttime,dry_bulb_temperature,class,3.0,15,0.0685332504408161,0.075650414471345,0.058688837783392,0.1335761715550567,0.1335761715550567,0.0672557476321986
precision3,assigned_four_file,nighttime,dry_bulb_temperature,class,4.0,15,0.0268354784030164,0.0303306036139612,0.0256622868824376,0.0521367450331184,0.0694948521466579,0.0299312217002931
precision3,assigned_four_file,nighttime,dry_bulb_temperature,class,5.0,15,0.0617433253496269,0.0664854432436474,0.0649263984417114,0.0933623519793887,0.1485116710509856,0.0660947040116749
precision3,assigned_four_file,nighttime,dry_bulb_temperature,class,6.0,15,0.152099628500702,0.1830769631442326,0.1393695548929185,0.4430673972356245,0.4430673972356245,0.1472833684489869
precision3,assigned_four_file,nighttime,relative_humidity,citywide_nonmedoid,,105,0.2331360569664603,0.2891439659513813,0.2077143355800929,0.5409101133136,1.751695723835652,0.2775640580276373
precision3,assigned_four_file,nighttime,relative_humidity,class,0.0,15,0.2029504891857942,0.2432145448024934,0.2226954987417063,0.4317617559800087,0.4317617559800087,0.1950657952234239
precision3,assigned_four_file,nighttime,relative_humidity,class,1.0,15,0.1874100030522273,0.2245299386375113,0.1739063944145378,0.3991637191147691,0.5052601716896854,0.2298951252934898
precision3,assigned_four_file,nighttime,relative_humidity,class,2.0,15,0.2349057746071517,0.3121538262638174,0.1736219979539343,0.677169362276144,0.677169362276144,0.2518270340690725
precision3,assigned_four_file,nighttime,relative_humidity,class,3.0,15,0.2811701082671282,0.31032920687961,0.2408768262697554,0.5409101133136,0.5409101133136,0.2758081664260453
precision3,assigned_four_file,nighttime,relative_humidity,class,4.0,15,0.1117972957538284,0.1262674148863536,0.1078160258671685,0.2179643649396884,0.2826464020370237,0.1242993344167947
precision3,assigned_four_file,nighttime,relative_humidity,class,5.0,15,0.258293235095797,0.2780284649908486,0.2733369761144941,0.393214141932262,0.6164596101231953,0.2761697353233535
precision3,assigned_four_file,nighttime,relative_humidity,class,6.0,15,0.6082182426458742,0.726973240813841,0.5608418106112278,1.751695723835652,1.751695723835652,0.5898832154412812
precision3,assigned_four_file,summer,dry_bulb_temperature,citywide_nonmedoid,,105,0.0444701448355961,0.0551670690886516,0.0366915774793547,0.0910359348772777,0.3157998652192484,0.0536898476883109
precision3,assigned_four_file,summer,dry_bulb_temperature,class,0.0,15,0.0402927995294916,0.0444241593413683,0.0401408211067696,0.0750513712954889,0.0750513712954889,0.0388354733757518
precision3,assigned_four_file,summer,dry_bulb_temperature,class,1.0,15,0.0314306663633549,0.0371143259218624,0.0287076686060392,0.0627367773570748,0.0889370633060717,0.0387492773288449
precision3,assigned_four_file,summer,dry_bulb_temperature,class,2.0,15,0.0380059796397927,0.0498623258100962,0.0296072269398435,0.1122308021887357,0.1122308021887357,0.0410885470218735
precision3,assigned_four_file,summer,dry_bulb_temperature,class,3.0,15,0.0525740856770539,0.057511482700771,0.0461392424119218,0.1038815705126158,0.1038815705126158,0.0521775744365657
precision3,assigned_four_file,summer,dry_bulb_temperature,class,4.0,15,0.0226945755779193,0.0253612281494438,0.0219498777023367,0.0404011279351643,0.0657425084209528,0.0259165219444043
precision3,assigned_four_file,summer,dry_bulb_temperature,class,5.0,15,0.0524255560058974,0.0569441827296211,0.0534380439820414,0.0877580140762561,0.1366154608856752,0.0568256890044243
precision3,assigned_four_file,summer,dry_bulb_temperature,class,6.0,15,0.1265787375410235,0.1503203232874603,0.1248159701787297,0.3157998652192484,0.3157998652192484,0.1222358507063116
precision3,assigned_four_file,summer,relative_humidity,citywide_nonmedoid,,105,0.166579185443161,0.2063368192914794,0.133345404166721,0.3519119774107908,1.150131715550334,0.2009850388088461
precision3,assigned_four_file,summer,relative_humidity,class,0.0,15,0.151079044622394,0.1683658892012419,0.1531013844657152,0.2890274491253474,0.2890274491253474,0.1456710290884237
precision3,assigned_four_file,summer,relative_humidity,class,1.0,15,0.1207640409236656,0.142990288851996,0.1112395939751649,0.2418281493646606,0.3395149478562772,0.148889633758457
precision3,assigned_four_file,summer,relative_humidity,class,2.0,15,0.1449930638222256,0.1911420104303071,0.1148330478158355,0.4276455471830625,0.4276455471830625,0.1563960397378596
precision3,assigned_four_file,summer,relative_humidity,class,3.0,15,0.2002362554779148,0.2194991419113949,0.1704290444687841,0.4016229019533202,0.4016229019533202,0.1985634643964377
precision3,assigned_four_file,summer,relative_humidity,class,4.0,15,0.0834381516840941,0.0935750238522513,0.0807137092993033,0.1508145332908286,0.2466452799582488,0.0955868901496092
precision3,assigned_four_file,summer,relative_humidity,class,5.0,15,0.1921490871075475,0.2082357280762252,0.1961555075729049,0.3168928531434657,0.4917564674405218,0.2077983395590898
precision3,assigned_four_file,summer,relative_humidity,class,6.0,15,0.4702953199229158,0.5550393184948754,0.4652644291916569,1.150131715550334,1.150131715550334,0.4539898749720459
precision3,assigned_four_file,summer_day,dry_bulb_temperature,citywide_nonmedoid,,105,0.0272192165865016,0.0347692333278489,0.0223794381785516,0.0645171112982689,0.1834686994045637,0.032081197900528
precision3,assigned_four_file,summer_day,dry_bulb_temperature,class,0.0,15,0.0295151416663313,0.0308112309690173,0.02948818879973,0.043866616630928,0.043866616630928,0.02787090120433
precision3,assigned_four_file,summer_day,dry_bulb_temperature,class,1.0,15,0.0123153143429491,0.0140412210497126,0.0106728764369771,0.0223794381785516,0.043255094354467,0.0151592712744594
precision3,assigned_four_file,summer_day,dry_bulb_temperature,class,2.0,15,0.0144536638270584,0.0173160180477498,0.0125585876539348,0.0418277977309787,0.0418277977309787,0.0162958277603571
precision3,assigned_four_file,summer_day,dry_bulb_temperature,class,3.0,15,0.0220627998244,0.0238543014288277,0.0220883100897952,0.0365786262951377,0.0414793000364258,0.0229075563911364
precision3,assigned_four_file,summer_day,dry_bulb_temperature,class,4.0,15,0.0172325856096425,0.0194116542352082,0.0160860901117073,0.0336234370510464,0.0533426306786901,0.0201819416720277
precision3,assigned_four_file,summer_day,dry_bulb_temperature,class,5.0,15,0.0435967103390714,0.0481645146965523,0.0438155805642485,0.0803434935642311,0.1262641234503053,0.0479139004620471
precision3,assigned_four_file,summer_day,dry_bulb_temperature,class,6.0,15,0.0763698951273469,0.0906276485675231,0.0790186479339622,0.1834686994045637,0.1834686994045637,0.0742389865393384
precision3,assigned_four_file,summer_day,relative_humidity,citywide_nonmedoid,,105,0.0945673621843308,0.1200616347080157,0.0806354600252211,0.2241729791704697,0.6241763819127609,0.1108530496331694
precision3,assigned_four_file,summer_day,relative_humidity,class,0.0,15,0.1023689642453974,0.1069885107732065,0.1051833272506239,0.1526250002797133,0.1526250002797133,0.0968066795630985
precision3,assigned_four_file,summer_day,relative_humidity,class,1.0,15,0.0440426544587635,0.0503505206488654,0.0378087953934989,0.0821749821217083,0.1591569933832789,0.0541778869521278
precision3,assigned_four_file,summer_day,relative_humidity,class,2.0,15,0.049658030471298,0.0592871198108614,0.0427630773359712,0.1420108868552972,0.1420108868552972,0.05580821094378
precision3,assigned_four_file,summer_day,relative_humidity,class,3.0,15,0.0779078929541182,0.0838390129201081,0.0764256695687683,0.1284208168214106,0.1415518612280392,0.080651195270115
precision3,assigned_four_file,summer_day,relative_humidity,class,4.0,15,0.0594432081476504,0.0668742406634694,0.0570101012044731,0.1142462528232458,0.1856503215573658,0.0696750776361085
precision3,assigned_four_file,summer_day,relative_humidity,class,5.0,15,0.1509368562778363,0.1664767643375236,0.152329641475752,0.2743713961470462,0.4334715316619815,0.165635099084494
precision3,assigned_four_file,summer_day,relative_humidity,class,6.0,15,0.2603726297552382,0.3086702102182496,0.2692607577175521,0.6241763819127609,0.6241763819127609,0.2532171979824619
precision3,assigned_four_file,summer_night,dry_bulb_temperature,citywide_nonmedoid,,105,0.055216123537969,0.0698420463435724,0.0451622404219181,0.1268540801483074,0.4162637188208425,0.0673165218895381
precision3,assigned_four_file,summer_night,dry_bulb_temperature,class,0.0,15,0.0462683095734266,0.0547510722502166,0.0479011485919688,0.0971082785325888,0.0971082785325888,0.0448846412634905
precision3,assigned_four_file,summer_night,dry_bulb_temperature,class,1.0,15,0.0419715416916891,0.0505746031986566,0.0391707822509247,0.0872651571377329,0.1181041882043247,0.051970578669749
precision3,assigned_four_file,summer_night,dry_bulb_temperature,class,2.0,15,0.0506656167975504,0.0683568474211207,0.0411783904015877,0.1531076133209273,0.1531076133209273,0.0544181283540669
precision3,assigned_four_file,summer_night,dry_bulb_temperature,class,3.0,15,0.0707058401793828,0.0777567591160073,0.0602273772990372,0.1434702453237621,0.1434702453237621,0.0697539092406337
precision3,assigned_four_file,summer_night,dry_bulb_temperature,class,4.0,15,0.026624097271415,0.0301591025454838,0.0250272620026951,0.0505005500520099,0.0761493176544279,0.0301766868699401
precision3,assigned_four_file,summer_night,dry_bulb_temperature,class,5.0,15,0.0598778191923946,0.0645403704477636,0.0615747025089934,0.0945931345876174,0.1462359033730669,0.0643554163487021
precision3,assigned_four_file,summer_night,dry_bulb_temperature,class,6.0,15,0.1614017546435108,0.1922993200757992,0.154241253556644,0.4162637188208425,0.4162637188208425,0.1556562924801845
precision3,assigned_four_file,summer_night,relative_humidity,citywide_nonmedoid,,105,0.2108632372880588,0.2659604667274599,0.1753632490736956,0.4914285567726579,1.5309824146332354,0.2567510713373842
precision3,assigned_four_file,summer_night,relative_humidity,class,0.0,15,0.1790092994634541,0.2127148416438807,0.1880606844565109,0.3791824652926716,0.3791824652926716,0.1734844588022955
precision3,assigned_four_file,summer_night,relative_humidity,class,1.0,15,0.162487918900964,0.1958501224976454,0.1520186257282507,0.3377139172298209,0.4573068540303867,0.2010957298434773
precision3,assigned_four_file,summer_night,relative_humidity,class,2.0,15,0.1953593809744434,0.2637339070487749,0.1600702856779258,0.5878727209741696,0.5878727209741696,0.2095603860025526
precision3,assigned_four_file,summer_night,relative_humidity,class,3.0,15,0.2713764027820328,0.2988825296203498,0.2301997904727493,0.5563624467297804,0.5563624467297804,0.2678421845376093
precision3,assigned_four_file,summer_night,relative_humidity,class,4.0,15,0.1004938830614027,0.1141945975674119,0.0945022599743256,0.1918772316875374,0.2952994181454014,0.1145308933732457
precision3,assigned_four_file,summer_night,relative_humidity,class,5.0,15,0.2256800198415067,0.242919171393655,0.2318397002893093,0.3543479895852844,0.5438301920432312,0.2421928467639894
precision3,assigned_four_file,summer_night,relative_humidity,class,6.0,15,0.6104626441081727,0.7217063055525655,0.5884950759884567,1.5309824146332354,1.5309824146332354,0.5885510000385193
precision3,assigned_four_file,whole_year,dry_bulb_temperature,citywide_nonmedoid,,105,0.0461670063627798,0.0566474580088548,0.0377854976891457,0.0984640096035836,0.3487000868522637,0.0549241423923248
precision3,assigned_four_file,whole_year,dry_bulb_temperature,class,0.0,15,0.0415293909354588,0.0465617793371479,0.0426229727754784,0.0794748711039301,0.0794748711039301,0.0399298261795499
precision3,assigned_four_file,whole_year,dry_bulb_temperature,class,1.0,15,0.03468465201839,0.0407273544962201,0.0321108205208236,0.0700642048996431,0.0916848663958638,0.0423511746926666
precision3,assigned_four_file,whole_year,dry_bulb_temperature,class,2.0,15,0.0427468035601261,0.0557059023417776,0.0308533502839528,0.1227229752449313,0.1227229752449313,0.0461096832073126
precision3,assigned_four_file,whole_year,dry_bulb_temperature,class,3.0,15,0.0530246010596271,0.0580135531687254,0.0470739290321144,0.0984640096035836,0.0984640096035836,0.0523582952995729
precision3,assigned_four_file,whole_year,dry_bulb_temperature,class,4.0,15,0.0233724476029371,0.0260683920234552,0.0219069639268692,0.0433086841555786,0.0607634692962247,0.0261970694037389
precision3,assigned_four_file,whole_year,dry_bulb_temperature,class,5.0,15,0.0545256855293365,0.0589439339083426,0.0569480897968215,0.0849492898693983,0.1365032862099617,0.0586508504752581
precision3,assigned_four_file,whole_year,dry_bulb_temperature,class,6.0,15,0.1226660030149277,0.1469500839714656,0.1151188431984995,0.3487000868522637,0.3487000868522637,0.1188720974881747
precision3,assigned_four_file,whole_year,relative_humidity,citywide_nonmedoid,,105,0.1934351482741704,0.2352840643117832,0.1645455496193786,0.4016512091798261,1.382535438207478,0.2277744451525319
precision3,assigned_four_file,whole_year,relative_humidity,class,0.0,15,0.1736589333405473,0.1965283838247376,0.1817983779584144,0.3381492037817993,0.3381492037817993,0.166824234925547
precision3,assigned_four_file,whole_year,relative_humidity,class,1.0,15,0.1484599709791899,0.1740655540165324,0.138720602628475,0.2989546698660236,0.3862591385923686,0.1806092458199129
precision3,assigned_four_file,whole_year,relative_humidity,class,2.0,15,0.1820185577335502,0.2371025063051734,0.1328249079216076,0.5185261059992445,0.5185261059992445,0.1961320113589045
precision3,assigned_four_file,whole_year,relative_humidity,class,3.0,15,0.2213284872771991,0.2417426074235366,0.1954470744322093,0.4016512091798261,0.4016512091798261,0.218191712602843
precision3,assigned_four_file,whole_year,relative_humidity,class,4.0,15,0.098116756389817,0.1094484467469057,0.0901320384809452,0.1840504807167175,0.2446752861694462,0.1092175429491464
precision3,assigned_four_file,whole_year,relative_humidity,class,5.0,15,0.2291869224390864,0.2472867394117318,0.2414860213676596,0.3479237136245287,0.5628487944474598,0.245771812497974
precision3,assigned_four_file,whole_year,relative_humidity,class,6.0,15,0.49212262591543,0.5854338044605724,0.4636285006811332,1.382535438207478,1.382535438207478,0.4776745559133953
precision3,assigned_four_file,winter,dry_bulb_temperature,citywide_nonmedoid,,105,0.0475870736323755,0.0580979602553018,0.0412952354922329,0.095978044507442,0.3789116892145757,0.055732274933716
precision3,assigned_four_file,winter,dry_bulb_temperature,class,0.0,15,0.0425326684424731,0.048616471506482,0.0449808720030397,0.0836872612307732,0.0836872612307732,0.0407957662649987
precision3,assigned_four_file,winter,dry_bulb_temperature,class,1.0,15,0.0375931917337379,0.0440625341733244,0.0352025080795612,0.0767295837946748,0.0958582544440224,0.0455956096849503
precision3,assigned_four_file,winter,dry_bulb_temperature,class,2.0,15,0.0469063460618331,0.0610199403048333,0.0338706600426034,0.1324373409103311,0.1324373409103311,0.0505215456206167
precision3,assigned_four_file,winter,dry_bulb_temperature,class,3.0,15,0.0533636027919586,0.0585140389204829,0.047995401947047,0.095978044507442,0.095978044507442,0.0524130475807672
precision3,assigned_four_file,winter,dry_bulb_temperature,class,4.0,15,0.0239324883530297,0.0267606065463819,0.0224583099723284,0.0460474800748686,0.0553069626633719,0.0263261258268784
precision3,assigned_four_file,winter,dry_bulb_temperature,class,5.0,15,0.0564691924981405,0.0608884888939481,0.0602716701412174,0.0868778127591668,0.1363904021697616,0.0603398916411596
precision3,assigned_four_file,winter,dry_bulb_temperature,class,6.0,15,0.1171635335710584,0.1434815318140679,0.1042496299656998,0.3789116892145757,0.3789116892145757,0.1141339379166411
precision3,assigned_four_file,winter,relative_humidity,citywide_nonmedoid,,105,0.2162233249347991,0.2611753031897258,0.1892208552228904,0.4327153918547216,1.5821629453449826,0.2502821016246664
precision3,assigned_four_file,winter,relative_humidity,class,0.0,15,0.1932146751720544,0.2212604845406112,0.2066738302625289,0.3812114590499464,0.3812114590499464,0.1851678921111405
precision3,assigned_four_file,winter,relative_humidity,class,1.0,15,0.1715345788437507,0.2005132080891269,0.1617105641187953,0.3470398787268401,0.4324941436538438,0.2072870595122583
precision3,assigned_four_file,winter,relative_humidity,class,2.0,15,0.2122926254566578,0.2756956175082847,0.153535400727509,0.5960959621254542,0.5960959621254542,0.2287057208426484
precision3,assigned_four_file,winter,relative_humidity,class,3.0,15,0.240088865736206,0.262212651675512,0.2177231098530941,0.4327153918547216,0.4327153918547216,0.2356159491051485
precision3,assigned_four_file,winter,relative_humidity,class,4.0,15,0.1105501036911308,0.1233667172311372,0.1046927564833081,0.2122858611848051,0.2426783448828749,0.1207111217299853
precision3,assigned_four_file,winter,relative_humidity,class,5.0,15,0.2608442276492143,0.2811353484754839,0.2797552800439238,0.4027148190763074,0.6262467999815884,0.2784416200892779
precision3,assigned_four_file,winter,relative_humidity,class,6.0,15,0.5082712044253364,0.6144813225736496,0.4573855893892508,1.5821629453449826,1.5821629453449826,0.4960453479822058
precision3,assigned_four_file,winter_day,dry_bulb_temperature,citywide_nonmedoid,,105,0.0356426234645175,0.0426549316419852,0.032661699742001,0.0730983675398865,0.2601530834556874,0.0411009406396626
precision3,assigned_four_file,winter_day,dry_bulb_temperature,class,0.0,15,0.0318230540523636,0.0338675097165845,0.0331061604107582,0.0526135132504642,0.0526135132504642,0.0306458529773439
precision3,assigned_four_file,winter_day,dry_bulb_temperature,class,1.0,15,0.0255528603480616,0.0286268034357598,0.0255390152583512,0.0449408290260995,0.070466853065483,0.0302306977099427
precision3,assigned_four_file,winter_day,dry_bulb_temperature,class,2.0,15,0.0282564223409002,0.0356037312827752,0.0195346269058727,0.0822527931320388,0.0822527931320388,0.0309790440025416
precision3,assigned_four_file,winter_day,dry_bulb_temperature,class,3.0,15,0.0359835565166017,0.0380749799879015,0.037089196762447,0.059310835292973,0.059310835292973,0.036147743045184
precision3,assigned_four_file,winter_day,dry_bulb_temperature,class,4.0,15,0.0202983397928437,0.022402757874077,0.0194624415230111,0.0367918919738889,0.0475677943039726,0.0225009252144251
precision3,assigned_four_file,winter_day,dry_bulb_temperature,class,5.0,15,0.0484268951248123,0.0523282614817461,0.0512209758786707,0.0738330087888417,0.1203100352371097,0.0518998255966553
precision3,assigned_four_file,winter_day,dry_bulb_temperature,class,6.0,15,0.0877363721242355,0.1055348319418904,0.0806338358022888,0.2601530834556874,0.2601530834556874,0.0853024959315456
precision3,assigned_four_file,winter_day,relative_humidity,citywide_nonmedoid,,105,0.1686224844574688,0.1997019567378239,0.1480894381277125,0.3399051351711989,1.099786147002768,0.1912374493010443
precision3,assigned_four_file,winter_day,relative_humidity,class,0.0,15,0.1471994332478322,0.1574070305980547,0.1480894381277125,0.2476953524742896,0.2476953524742896,0.1416706977998399
precision3,assigned_four_file,winter_day,relative_humidity,class,1.0,15,0.1195512785755754,0.1336964208494002,0.1220008650813021,0.2116339949114927,0.3229688168925628,0.1408224236246266
precision3,assigned_four_file,winter_day,relative_humidity,class,2.0,15,0.1303003686206166,0.1629063751247668,0.0928104679819737,0.3721797367002352,0.3721797367002352,0.1424332371186935
precision3,assigned_four_file,winter_day,relative_humidity,class,3.0,15,0.1750327050519687,0.1849188118190093,0.1776038235282901,0.2881540108593995,0.2881540108593995,0.1746307056098186
precision3,assigned_four_file,winter_day,relative_humidity,class,4.0,15,0.0975312398221303,0.1075928853796658,0.0892190065822924,0.1785266702149064,0.2127193158272359,0.1068856345650209
precision3,assigned_four_file,winter_day,relative_humidity,class,5.0,15,0.2316609080794833,0.24976737655437,0.246443281930734,0.3534401790470846,0.5653436622991643,0.2475396673774643
precision3,assigned_four_file,winter_day,relative_humidity,class,6.0,15,0.3950429925519496,0.4679876854205834,0.3776961338238642,1.099786147002768,1.099786147002768,0.3846797790118463
precision3,assigned_four_file,winter_night,dry_bulb_temperature,citywide_nonmedoid,,105,0.0564484999210834,0.0702232353161746,0.0472665702479423,0.1226107240497936,0.4684746627250876,0.0665551120962059
precision3,assigned_four_file,winter_night,dry_bulb_temperature,class,0.0,15,0.0495283430237289,0.0598340571002686,0.0555675553279807,0.1060138368707528,0.1060138368707528,0.0473703154011878
precision3,assigned_four_file,winter_night,dry_bulb_temperature,class,1.0,15,0.0460862252796448,0.0553490737104166,0.0427339659968139,0.1001646949639249,0.1225935689593183,0.0564309403489677
precision3,assigned_four_file,winter_night,dry_bulb_temperature,class,2.0,15,0.0594115294505155,0.0786081455598259,0.0443241938167989,0.1682669799954125,0.1682669799954125,0.0636404217665831
precision3,assigned_four_file,winter_night,dry_bulb_temperature,class,3.0,15,0.0660890850946578,0.07347163670762,0.0571000623864994,0.1228267675841257,0.1228267675841257,0.0644011285635669
precision3,assigned_four_file,winter_night,dry_bulb_temperature,class,4.0,15,0.0269923553266079,0.0305020747670712,0.026285337282294,0.0537317180766866,0.062088849104732,0.0295666683507751
precision3,assigned_four_file,winter_night,dry_bulb_temperature,class,5.0,15,0.0634918969268512,0.0683854458921991,0.0681304636213498,0.0982048650160495,0.1507653110941108,0.067722385772514
precision3,assigned_four_file,winter_night,dry_bulb_temperature,class,6.0,15,0.1402899280391552,0.1733098358155696,0.1226107240497936,0.4684746627250876,0.4684746627250876,0.1367539244698467
precision3,assigned_four_file,winter_night,relative_humidity,citywide_nonmedoid,,105,0.2521687585387426,0.310715636020421,0.2117585891801677,0.5315881744165186,1.9485763013303397,0.2945945984553342
precision3,assigned_four_file,winter_night,relative_humidity,class,0.0,15,0.2238043832966023,0.270435631447846,0.2527803723920563,0.4788437797284364,0.4788437797284364,0.2138678229455705
precision3,assigned_four_file,winter_night,relative_humidity,class,1.0,15,0.2085370095206453,0.250072710003405,0.194479581684833,0.4526162348435549,0.5492720094676363,0.2545990704010099
precision3,assigned_four_file,winter_night,relative_humidity,class,2.0,15,0.2679959607551612,0.3542282597002357,0.1928704999783656,0.7564013720996847,0.7564013720996847,0.287316773892049
precision3,assigned_four_file,winter_night,relative_humidity,class,3.0,15,0.289772275532309,0.3214280361649442,0.251522537750272,0.5398633963528289,0.5398633963528289,0.2824257922943322
precision3,assigned_four_file,winter_night,relative_humidity,class,4.0,15,0.1218672259098484,0.1373406890053083,0.1197193126769395,0.2413686013961359,0.2693251767365536,0.1327827969641014
precision3,assigned_four_file,winter_night,relative_humidity,class,5.0,15,0.2870458895426097,0.3093386912980836,0.3095024106790078,0.4465853679225181,0.6817306304344316,0.3061982366078761
precision3,assigned_four_file,winter_night,relative_humidity,class,6.0,15,0.5988412712254598,0.7322309184119503,0.5251178774869604,1.9485763013303397,1.9485763013303397,0.5849716960824001
precision3,oracle_four_file,daytime,dry_bulb_temperature,citywide_nonmedoid,,105,0.0268563676565802,0.0332018004879354,0.021282434285871,0.0541326461481002,0.2165058489935129,0.0305920912901929
precision3,oracle_four_file,daytime,dry_bulb_temperature,class,0.0,15,0.0293974073297666,0.0311850873720185,0.030714583123304,0.0479636587123796,0.0479636587123796,0.0283254588126433
precision3,oracle_four_file,daytime,dry_bulb_temperature,class,1.0,15,0.0190852185626981,0.0215001418326783,0.0195534742734989,0.035470806055005,0.0584298822654342,0.0226208144568636
precision3,oracle_four_file,daytime,dry_bulb_temperature,class,2.0,15,0.0162132224336801,0.0179519403637173,0.013721936908156,0.0354281026393032,0.0354281026393032,0.0177236665615743
precision3,oracle_four_file,daytime,dry_bulb_temperature,class,3.0,15,0.0177658387041978,0.0199140741810276,0.0163967086573654,0.0449395509769416,0.0449395509769416,0.0183863888433485
precision3,oracle_four_file,daytime,dry_bulb_temperature,class,4.0,15,0.0178847699365556,0.0196532939460906,0.0156595923015328,0.0332703194341614,0.0505456618013914,0.0204462208228972
precision3,oracle_four_file,daytime,dry_bulb_temperature,class,5.0,15,0.0411773519869736,0.0434228268878546,0.044342283746486,0.0589163674725825,0.0589163674725825,0.0401183100999303
precision3,oracle_four_file,daytime,dry_bulb_temperature,class,6.0,15,0.0663167479288046,0.0874161169236787,0.0480334097008382,0.2165058489935129,0.2165058489935129,0.0665237794340933
precision3,oracle_four_file,daytime,relative_humidity,citywide_nonmedoid,,105,0.1136683625362608,0.1386960397860948,0.0907930458182221,0.2310820462529632,0.8685450862764564,0.1276922185299003
precision3,oracle_four_file,daytime,relative_humidity,class,0.0,15,0.1215441308311327,0.1297954211683792,0.1284835214990763,0.2056004720558516,0.2056004720558516,0.1173698520465389
precision3,oracle_four_file,daytime,relative_humidity,class,1.0,15,0.0833382947097582,0.0943186269333083,0.088155747655776,0.1603706124367345,0.2543849714480597,0.098124537888184
precision3,oracle_four_file,daytime,relative_humidity,class,2.0,15,0.0702833954813602,0.0776482453846701,0.0637987256711312,0.1531301912734784,0.1531301912734784,0.076351033792713
precision3,oracle_four_file,daytime,relative_humidity,class,3.0,15,0.0781327465439808,0.0871211189523775,0.0745944637239576,0.1921705601826493,0.1921705601826493,0.0804067322051654
precision3,oracle_four_file,daytime,relative_humidity,class,4.0,15,0.0766021593275722,0.0836046865538187,0.0700044029926415,0.1370095862059614,0.1996071209644736,0.0861788257607817
precision3,oracle_four_file,daytime,relative_humidity,class,5.0,15,0.1728595300894161,0.1821092527395034,0.1953252363244583,0.2410572678694713,0.2410572678694713,0.1684453795509971
precision3,oracle_four_file,daytime,relative_humidity,class,6.0,15,0.2661491172941078,0.3505669129316365,0.2021329352579181,0.8685450862764564,0.8685450862764564,0.2669691684649222
precision3,oracle_four_file,nighttime,dry_bulb_temperature,citywide_nonmedoid,,105,0.0437906606570203,0.0564987566215538,0.0400470357016989,0.0911275274311103,0.4430673972356245,0.0502390421914155
precision3,oracle_four_file,nighttime,dry_bulb_temperature,class,0.0,15,0.0448425090639006,0.0546251350111435,0.0322234315891246,0.1016464348459648,0.1016464348459648,0.0437028867001459
precision3,oracle_four_file,nighttime,dry_bulb_temperature,class,1.0,15,0.0365050436958137,0.0452635987387157,0.0400470357016989,0.0850519086731731,0.1202615025493769,0.0435068208423993
precision3,oracle_four_file,nighttime,dry_bulb_temperature,class,2.0,15,0.0293773306033367,0.034937466561308,0.0348921037501264,0.0683735759662382,0.0683735759662382,0.0310623631943791
precision3,oracle_four_file,nighttime,dry_bulb_temperature,class,3.0,15,0.0345742560737347,0.0374023697247495,0.0391176833501797,0.053691453194328,0.0550609790643529,0.0344214373502614
precision3,oracle_four_file,nighttime,dry_bulb_temperature,class,4.0,15,0.0268770359630405,0.0304023801874226,0.0256622868824376,0.0527588617066789,0.0694948521466579,0.0299726961451971
precision3,oracle_four_file,nighttime,dry_bulb_temperature,class,5.0,15,0.0605812273092506,0.0645034378781352,0.0649263984417114,0.0964048872366179,0.0964048872366179,0.0611240381838658
precision3,oracle_four_file,nighttime,dry_bulb_temperature,class,6.0,15,0.1107798019935381,0.1598679679348257,0.0714416244759492,0.4430673972356245,0.4430673972356245,0.1078830529236602
precision3,oracle_four_file,nighttime,relative_humidity,citywide_nonmedoid,,105,0.1824438329634361,0.2323387831751472,0.1704441552112072,0.3775469241149711,1.751695723835652,0.2077786919267796
precision3,oracle_four_file,nighttime,relative_humidity,class,0.0,15,0.1901665810357835,0.2322209839810315,0.1396781443829522,0.4317617559800087,0.4317617559800087,0.184824100147119
precision3,oracle_four_file,nighttime,relative_humidity,class,1.0,15,0.1546892364435443,0.1913464145554824,0.1715697696120992,0.3590313394952117,0.5052601716896854,0.1834926224123924
precision3,oracle_four_file,nighttime,relative_humidity,class,2.0,15,0.1242688073579363,0.1466590614051428,0.1463454153487813,0.2817382606047401,0.2817382606047401,0.1309666690018483
precision3,oracle_four_file,nighttime,relative_humidity,class,3.0,15,0.1433464403877218,0.1541494152581905,0.1605623038719162,0.21669183872042,0.2212040479329386,0.1422817374646029
precision3,oracle_four_file,nighttime,relative_humidity,class,4.0,15,0.1116049295940182,0.1259371116363804,0.1078160258671685,0.2150846435273297,0.2826464020370237,0.1241073529893041
precision3,oracle_four_file,nighttime,relative_humidity,class,5.0,15,0.2508980401018413,0.266226744245268,0.2733369761144941,0.3804790725618616,0.3804790725618616,0.2526054094240978
precision3,oracle_four_file,nighttime,relative_humidity,class,6.0,15,0.4475905600210942,0.6353038005444014,0.3099343699860185,1.751695723835652,1.751695723835652,0.4361729520480928
precision3,oracle_four_file,summer,dry_bulb_temperature,citywide_nonmedoid,,105,0.0355118717540175,0.0454224053350423,0.0303781007847096,0.0750513712954889,0.3157998652192484,0.040860875287242
precision3,oracle_four_file,summer,dry_bulb_temperature,class,0.0,15,0.037668108005778,0.0423769802197168,0.0337485039808756,0.0750513712954889,0.0750513712954889,0.0367327290553294
precision3,oracle_four_file,summer,dry_bulb_temperature,class,1.0,15,0.0267588157964226,0.0324674829760626,0.0286862780801392,0.0606174250708674,0.0889370633060717,0.0324249945565624
precision3,oracle_four_file,summer,dry_bulb_temperature,class,2.0,15,0.022026087304189,0.0257894013716801,0.0240229663944692,0.0526655858642646,0.0526655858642646,0.0238043685511834
precision3,oracle_four_file,summer,dry_bulb_temperature,class,3.0,15,0.0270439994262044,0.0297332091927623,0.0292626290205596,0.0459737268558906,0.0467868986885099,0.0275980261048807
precision3,oracle_four_file,summer,dry_bulb_temperature,class,4.0,15,0.0226072787389439,0.0252240400050799,0.0219498777023367,0.0390942942557037,0.0657425084209528,0.0258293996991069
precision3,oracle_four_file,summer,dry_bulb_temperature,class,5.0,15,0.0516155511562578,0.0554201477144477,0.0534380439820414,0.0919017898626766,0.0919017898626766,0.0521589076726185
precision3,oracle_four_file,summer,dry_bulb_temperature,class,6.0,15,0.088284014822591,0.1264643614567037,0.0527200501566964,0.3157998652192484,0.3157998652192484,0.0874777013710129
precision3,oracle_four_file,summer,relative_humidity,citywide_nonmedoid,,105,0.1326885929043609,0.1693973690835471,0.1123168880148187,0.2890274491253474,1.150131715550334,0.1523906522953399
precision3,oracle_four_file,summer,relative_humidity,class,0.0,15,0.1413971739171855,0.1609027113811696,0.1164199059009316,0.2890274491253474,0.2890274491253474,0.1379144990533677
precision3,oracle_four_file,summer,relative_humidity,class,1.0,15,0.1016221938389534,0.1240912296633988,0.1107759136771247,0.2342715281614558,0.3395149478562772,0.1230045502926745
precision3,oracle_four_file,summer,relative_humidity,class,2.0,15,0.0831287723019937,0.0980703430694635,0.0927729333781002,0.1996193132404258,0.1996193132404258,0.0896029178381668
precision3,oracle_four_file,summer,relative_humidity,class,3.0,15,0.1025161056783806,0.1129224135835996,0.1104040713509066,0.1717697002327034,0.18050057962256,0.1047381459559644
precision3,oracle_four_file,summer,relative_humidity,class,4.0,15,0.0834102983014823,0.0935301839677468,0.0807137092993033,0.1503975681531294,0.2466452799582488,0.0955590924737626
precision3,oracle_four_file,summer,relative_humidity,class,5.0,15,0.1912537471408288,0.2058938736167684,0.1961555075729049,0.3455201076764466,0.3455201076764466,0.1938645514199822
precision3,oracle_four_file,summer,relative_humidity,class,6.0,15,0.3251188596778271,0.463730164187365,0.1971609012779004,1.150131715550334,1.150131715550334,0.3220508090334613
precision3,oracle_four_file,summer_day,dry_bulb_temperature,citywide_nonmedoid,,105,0.0238138787370837,0.0303129293901085,0.0181590574127683,0.0506569006621946,0.1834686994045637,0.0270710820512605
precision3,oracle_four_file,summer_day,dry_bulb_temperature,class,0.0,15,0.0282936193389851,0.029977142903107,0.02948818879973,0.043866616630928,0.043866616630928,0.0268922912942167
precision3,oracle_four_file,summer_day,dry_bulb_temperature,class,1.0,15,0.013964206228055,0.0156540685552387,0.0134447699760375,0.0223794381785516,0.043255094354467,0.0169596420725526
precision3,oracle_four_file,summer_day,dry_bulb_temperature,class,2.0,15,0.0128167574537443,0.014450395218525,0.0117696663307564,0.026008169166398,0.026008169166398,0.0141081339982871
precision3,oracle_four_file,summer_day,dry_bulb_temperature,class,3.0,15,0.0140432313329428,0.0167230417810754,0.012508721911593,0.0428737556707919,0.0428737556707919,0.0145966815771946
precision3,oracle_four_file,summer_day,dry_bulb_temperature,class,4.0,15,0.0161349418855089,0.0183352292528703,0.0124263403472716,0.0336234370510464,0.0533426306786901,0.0190864932353424
precision3,oracle_four_file,summer_day,dry_bulb_temperature,class,5.0,15,0.0391207865436757,0.0416349583743239,0.0438155805642485,0.0616344990683775,0.0616344990683775,0.0377714765527434
precision3,oracle_four_file,summer_day,dry_bulb_temperature,class,6.0,15,0.0587191656197384,0.0773714077203024,0.0395740929680527,0.1834686994045637,0.1834686994045637,0.0600828556284868
precision3,oracle_four_file,summer_day,relative_humidity,citywide_nonmedoid,,105,0.082484434062929,0.1045400508904197,0.0610002351513876,0.1741418930272202,0.6241763819127609,0.0936114822814578
precision3,oracle_four_file,summer_day,relative_humidity,class,0.0,15,0.098535836618903,0.1045071986920365,0.1051833272506239,0.1526250002797133,0.1526250002797133,0.0937358092252916
precision3,oracle_four_file,summer_day,relative_humidity,class,1.0,15,0.0490387548137438,0.0550624965766127,0.046308623556146,0.0821749821217083,0.1591569933832789,0.0595494479261606
precision3,oracle_four_file,summer_day,relative_humidity,class,2.0,15,0.0448652386145066,0.0508385432945803,0.0410588120548906,0.0930257935713588,0.0930257935713588,0.0493106823046569
precision3,oracle_four_file,summer_day,relative_humidity,class,3.0,15,0.0487002858170447,0.0579080712024879,0.0458917809150564,0.1497973935269506,0.1497973935269506,0.0508274716953917
precision3,oracle_four_file,summer_day,relative_humidity,class,4.0,15,0.055569142683258,0.0630496395267024,0.0438186827518313,0.1142462528232458,0.1856503215573658,0.0658087603026448
precision3,oracle_four_file,summer_day,relative_humidity,class,5.0,15,0.1351603066581077,0.1436253201670763,0.1519669923297207,0.2070610385355419,0.2070610385355419,0.1306084991862192
precision3,oracle_four_file,summer_day,relative_humidity,class,6.0,15,0.2003567357816778,0.2635061517374038,0.1334880744828685,0.6241763819127609,0.6241763819127609,0.2054397053298395
precision3,oracle_four_file,summer_night,dry_bulb_temperature,citywide_nonmedoid,,105,0.0430706133326546,0.0566349373146299,0.0391707822509247,0.0971082785325888,0.4162637188208425,0.049673634322798
precision3,oracle_four_file,summer_night,dry_bulb_temperature,class,0.0,15,0.0427284804531915,0.0518940055155819,0.0289989636144187,0.0971082785325888,0.0971082785325888,0.0420487439740029
precision3,oracle_four_file,summer_night,dry_bulb_temperature,class,1.0,15,0.0343949089859443,0.0431650905161766,0.0382663884436106,0.0827532790362825,0.1181041882043247,0.0416475703333978
precision3,oracle_four_file,summer_night,dry_bulb_temperature,class,2.0,15,0.0274007250893639,0.033486900785944,0.0318697471474478,0.0697918548647654,0.0697918548647654,0.0294208529312671
precision3,oracle_four_file,summer_night,dry_bulb_temperature,class,3.0,15,0.0347599355344945,0.0385806600693863,0.0383720225285638,0.0593958847844364,0.0641972320928159,0.0353799738381666
precision3,oracle_four_file,summer_night,dry_bulb_temperature,class,4.0,15,0.0268793143708362,0.0305994077818579,0.0250272620026951,0.0543211500303455,0.0761493176544279,0.0304313935351625
precision3,oracle_four_file,summer_night,dry_bulb_temperature,class,5.0,15,0.0612306994926033,0.0664026790615463,0.0615747025089934,0.1144249382106772,0.1144249382106772,0.0625491852531431
precision3,oracle_four_file,summer_night,dry_bulb_temperature,class,6.0,15,0.1083072550529073,0.161245572666918,0.0667424603302048,0.4162637188208425,0.4162637188208425,0.1062377203944461
precision3,oracle_four_file,summer_night,relative_humidity,citywide_nonmedoid,,105,0.1647302427327306,0.2155511889660631,0.1485354872870674,0.3791824652926716,1.5309824146332354,0.1896067135141447
precision3,oracle_four_file,summer_night,relative_humidity,class,0.0,15,0.1657533670049043,0.2021326556525865,0.1143525609539258,0.3791824652926716,0.3791824652926716,0.1628646063597194
precision3,oracle_four_file,summer_night,relative_humidity,class,1.0,15,0.1325303855564748,0.1666294932762484,0.1471576651598568,0.3209572714980992,0.4573068540303867,0.160306974116996
precision3,oracle_four_file,summer_night,relative_humidity,class,2.0,15,0.1053011000577487,0.1290388580823994,0.1246106267049324,0.266536943344778,0.266536943344778,0.1128649901506432
precision3,oracle_four_file,summer_night,relative_humidity,class,3.0,15,0.1339776007616742,0.1488274110125505,0.1485354872870674,0.2282757475946377,0.2482434511120816,0.1365715792030055
precision3,oracle_four_file,summer_night,relative_humidity,class,4.0,15,0.1016892724178784,0.1162778292781303,0.0945022599743256,0.2097722103539793,0.2952994181454014,0.1157238919510085
precision3,oracle_four_file,summer_night,relative_humidity,class,5.0,15,0.2328276537378429,0.2532910219347311,0.2318397002893093,0.4425991594412142,0.4425991594412142,0.2382914895662055
precision3,oracle_four_file,summer_night,relative_humidity,class,6.0,15,0.4080434525261709,0.6005462832713441,0.2535198272784894,1.5309824146332354,1.5309824146332354,0.4006234632514348
precision3,oracle_four_file,whole_year,dry_bulb_temperature,citywide_nonmedoid,,105,0.0367745001712419,0.0463382620273044,0.0319385879748382,0.0708896700488491,0.3487000868522637,0.0421155664091977
precision3,oracle_four_file,whole_year,dry_bulb_temperature,class,0.0,15,0.039035337331389,0.0444770449186211,0.0297002375342191,0.0794748711039301,0.0794748711039301,0.0379317410699646
precision3,oracle_four_file,whole_year,dry_bulb_temperature,class,1.0,15,0.0294706322708002,0.0354333844672278,0.0319385879748382,0.0651613583772681,0.0916848663958638,0.0350894838305741
precision3,oracle_four_file,whole_year,dry_bulb_temperature,class,2.0,15,0.0241911131801265,0.0277749773406296,0.0281796604812794,0.0544522559084192,0.0544522559084192,0.0258124705312673
precision3,oracle_four_file,whole_year,dry_bulb_temperature,class,3.0,15,0.0278213090501426,0.0299625400418116,0.0303975204017588,0.0435557533853799,0.0435557533853799,0.0279299796394075
precision3,oracle_four_file,whole_year,dry_bulb_temperature,class,4.0,15,0.0230770186768514,0.0255984050674259,0.0219069639268692,0.0388861131320751,0.0607634692962247,0.0259022313355053
precision3,oracle_four_file,whole_year,dry_bulb_temperature,class,5.0,15,0.0519450024117143,0.0549828854873543,0.0569480897968215,0.0783893550281871,0.0783893550281871,0.0519460462626946
precision3,oracle_four_file,whole_year,dry_bulb_temperature,class,6.0,15,0.0918536704385759,0.128839715673438,0.0662798369100431,0.3487000868522637,0.3487000868522637,0.0901970121949707
precision3,oracle_four_file,whole_year,relative_humidity,citywide_nonmedoid,,105,0.1536550273801183,0.1913346565832417,0.136314313295165,0.2940851538920759,1.382535438207478,0.1742959245988775
precision3,oracle_four_file,whole_year,relative_humidity,class,0.0,15,0.1636430370293803,0.1881135784006506,0.1240887681235865,0.3381492037817993,0.3381492037817993,0.158800103749763
precision3,oracle_four_file,whole_year,relative_humidity,class,1.0,15,0.1255716643657171,0.1508466999138913,0.138191859218761,0.2780487691692406,0.3862591385923686,0.1486846099065077
precision3,oracle_four_file,whole_year,relative_humidity,class,2.0,15,0.1025851727171932,0.1173416599157251,0.1189914250968335,0.2267435809102835,0.2267435809102835,0.1090235447777585
precision3,oracle_four_file,whole_year,relative_humidity,class,3.0,15,0.1166914349317971,0.1252040965622858,0.1285855098109166,0.1826643911508768,0.1826643911508768,0.1168146545087228
precision3,oracle_four_file,whole_year,relative_humidity,class,4.0,15,0.0965062129712172,0.1068875570426147,0.0901320384809452,0.1599406457402787,0.2446752861694462,0.1076102206173839
precision3,oracle_four_file,whole_year,relative_humidity,class,5.0,15,0.2161754503645139,0.2280794371318638,0.2414860213676596,0.3046920968099559,0.3046920968099559,0.2157195060680499
precision3,oracle_four_file,whole_year,relative_humidity,class,6.0,15,0.3699489779318319,0.5130828780170792,0.2808504249368597,1.382535438207478,1.382535438207478,0.3634188325639571
precision3,oracle_four_file,winter,dry_bulb_temperature,citywide_nonmedoid,,105,0.0376986679731525,0.0472412521548942,0.0334635791028638,0.0694310687362711,0.3789116892145757,0.0429571969571382
precision3,oracle_four_file,winter,dry_bulb_temperature,class,0.0,15,0.0401118912948207,0.0464931047527258,0.0303477102346044,0.0836872612307732,0.0836872612307732,0.0388563858264806
precision3,oracle_four_file,winter,dry_bulb_temperature,class,1.0,15,0.0318756206977323,0.0381840089873013,0.0349045499883626,0.0694310687362711,0.0958582544440224,0.0374762950512983
precision3,oracle_four_file,winter,dry_bulb_temperature,class,2.0,15,0.0260427307093091,0.0296376430211369,0.0298497458281863,0.0561914937900655,0.0561914937900655,0.0275435245977647
precision3,oracle_four_file,winter,dry_bulb_temperature,class,3.0,15,0.0283586347335686,0.0301913746427066,0.0304170342192655,0.0409809015868586,0.0409809015868586,0.0280409970002815
precision3,oracle_four_file,winter,dry_bulb_temperature,class,4.0,15,0.0234400486910248,0.0259693863825829,0.0224583099723284,0.038675658334656,0.0553069626633719,0.0258346710441976
precision3,oracle_four_file,winter,dry_bulb_temperature,class,5.0,15,0.0518262427360165,0.0545396862171808,0.0596809837888696,0.0693673761609726,0.0693673761609726,0.0512726982118243
precision3,oracle_four_file,winter,dry_bulb_temperature,class,6.0,15,0.0940374907916274,0.1311847629329983,0.0639605586886603,0.3789116892145757,0.3789116892145757,0.0916758069681205
precision3,oracle_four_file,winter,relative_humidity,citywide_nonmedoid,,105,0.1708449459747077,0.2111064035940669,0.1543149971999022,0.3224399878854139,1.5821629453449826,0.1922916257408813
precision3,oracle_four_file,winter,relative_humidity,class,0.0,15,0.1826158052946462,0.2119809796732638,0.1401697639611971,0.3812114590499464,0.3812114590499464,0.1766767177250231
precision3,oracle_four_file,winter,relative_humidity,class,1.0,15,0.1453555068577081,0.1736411200353404,0.161121633035009,0.3160099963063948,0.4324941436538438,0.1702190504540795
precision3,oracle_four_file,winter,relative_humidity,class,2.0,15,0.118304972007798,0.1339520336011816,0.1352610444191624,0.2510796198492881,0.2510796198492881,0.1249379532338449
precision3,oracle_four_file,winter,relative_humidity,class,3.0,15,0.128469437646418,0.1364431357815289,0.1399427743129939,0.1929998612138657,0.1929998612138657,0.126893482496533
precision3,oracle_four_file,winter,relative_humidity,class,4.0,15,0.1076581744914165,0.1188137764693187,0.1046927564833081,0.1704552478784506,0.2426783448828749,0.1178249763886705
precision3,oracle_four_file,winter,relative_humidity,class,5.0,15,0.2360055271792633,0.2483970065732421,0.2571858102225966,0.3224399878854139,0.3224399878854139,0.2329215253126632
precision3,oracle_four_file,winter,relative_humidity,class,6.0,15,0.405533606089233,0.5583254386378187,0.281058654894032,1.5821629453449826,1.5821629453449826,0.3965676745753546
precision3,oracle_four_file,winter_day,dry_bulb_temperature,citywide_nonmedoid,,105,0.0291270470896133,0.0358727415620606,0.0245992513808483,0.0579519860945911,0.2601530834556874,0.0331601862623937
precision3,oracle_four_file,winter_day,dry_bulb_temperature,class,0.0,15,0.0300298944121677,0.0323542298534215,0.0309645682543691,0.0526135132504642,0.0526135132504642,0.0292092817784178
precision3,oracle_four_file,winter_day,dry_bulb_temperature,class,1.0,15,0.0228610585603496,0.0260893805250012,0.0247244336446281,0.0449408290260995,0.070466853065483,0.0268647501504818
precision3,oracle_four_file,winter_day,dry_bulb_temperature,class,2.0,15,0.0188464868326516,0.0208890832877153,0.0175060690679676,0.0428608896408586,0.0428608896408586,0.0205222737092987
precision3,oracle_four_file,winter_day,dry_bulb_temperature,class,3.0,15,0.0205657507238898,0.0226742792262929,0.0198053832360852,0.0469250922824269,0.0469250922824269,0.0212191435110029
precision3,oracle_four_file,winter_day,dry_bulb_temperature,class,4.0,15,0.019136495871809,0.0208949374565189,0.0193990884759989,0.032911441835067,0.0475677943039726,0.0213414049812324
precision3,oracle_four_file,winter_day,dry_bulb_temperature,class,5.0,15,0.0428456902127261,0.045149192597663,0.0467817931695779,0.058554762884075,0.058554762884075,0.0419086714532965
precision3,oracle_four_file,winter_day,dry_bulb_temperature,class,6.0,15,0.071865444544775,0.0964671706015909,0.0584749523723196,0.2601530834556874,0.2601530834556874,0.0710557782530256
precision3,oracle_four_file,winter_day,relative_humidity,citywide_nonmedoid,,105,0.1365551445641419,0.1661030067367985,0.1152586496480039,0.2724070791265193,1.099786147002768,0.1526503135172222
precision3,oracle_four_file,winter_day,relative_humidity,class,0.0,15,0.1394474325777255,0.1510116009149573,0.1467318219204768,0.2476953524742896,0.2476953524742896,0.1354602630749567
precision3,oracle_four_file,winter_day,relative_humidity,class,1.0,15,0.1065441986997174,0.1216237999331085,0.1145711725148545,0.2116339949114927,0.3229688168925628,0.1246587381869692
precision3,oracle_four_file,winter_day,relative_humidity,class,2.0,15,0.0882426143516881,0.097431357479702,0.0850731208868928,0.1957682410720755,0.1957682410720755,0.0955414325497527
precision3,oracle_four_file,winter_day,relative_humidity,class,3.0,15,0.0985121268987269,0.1088582235820224,0.097928519662915,0.2269348059146747,0.2269348059146747,0.1009858880851592
precision3,oracle_four_file,winter_day,relative_humidity,class,4.0,15,0.0917956924523028,0.1001039124914488,0.0892190065822924,0.1565965278270005,0.2127193158272359,0.1011615582899329
precision3,oracle_four_file,winter_day,relative_humidity,class,5.0,15,0.2025927596257858,0.2139350460007035,0.1973205031221563,0.2825470292145163,0.2825470292145163,0.1977834944965823
precision3,oracle_four_file,winter_day,relative_humidity,class,6.0,15,0.3150969312192793,0.4203005761504056,0.2606600868196083,1.099786147002768,1.099786147002768,0.312960819937202
precision3,oracle_four_file,winter_night,dry_bulb_temperature,citywide_nonmedoid,,105,0.0440501030603009,0.0563614959271505,0.041973134831926,0.0873021677747379,0.4684746627250876,0.0502390205249498
precision3,oracle_four_file,winter_night,dry_bulb_temperature,class,0.0,15,0.0466046953050209,0.057240033103483,0.0351687910578237,0.1060138368707528,0.1060138368707528,0.0450280654339494
precision3,oracle_four_file,winter_night,dry_bulb_temperature,class,1.0,15,0.0382522382757317,0.0472798192520477,0.0427242039215782,0.0873021677747379,0.1225935689593183,0.0450424444167675
precision3,oracle_four_file,winter_night,dry_bulb_temperature,class,2.0,15,0.0309915757377483,0.0363376659555285,0.0350988400296729,0.0669172032284082,0.0669172032284082,0.0323919534725405
precision3,oracle_four_file,winter_night,dry_bulb_temperature,class,3.0,15,0.0338419417022639,0.036178934025212,0.0340132959889115,0.0483644304408532,0.0483644304408532,0.0328762753823525
precision3,oracle_four_file,winter_night,dry_bulb_temperature,class,4.0,15,0.0268192205919078,0.0302029741393779,0.026285337282294,0.0511398910982264,0.062088849104732,0.0293938798855444
precision3,oracle_four_file,winter_night,dry_bulb_temperature,class,5.0,15,0.0593413571401142,0.0625356310683455,0.0681304636213498,0.0787083572087836,0.0787083572087836,0.0590160044653692
precision3,oracle_four_file,winter_night,dry_bulb_temperature,class,6.0,15,0.1114305766880069,0.1584707198434383,0.0713834701933845,0.4684746627250876,0.4684746627250876,0.107924520618125
precision3,oracle_four_file,winter_night,relative_humidity,citywide_nonmedoid,,105,0.1965615445936123,0.2480758320148039,0.1839930608163565,0.3936187085606293,1.9485763013303397,0.2221114597737296
precision3,oracle_four_file,winter_night,relative_humidity,class,0.0,15,0.2109523657428264,0.2589736818203253,0.1611794298539941,0.4788437797284364,0.4788437797284364,0.2035715627286993
precision3,oracle_four_file,winter_night,relative_humidity,class,1.0,15,0.1730130309591172,0.2133310301481859,0.1934331978090936,0.3936187085606293,0.5492720094676363,0.2030255007331749
precision3,oracle_four_file,winter_night,relative_humidity,class,2.0,15,0.1395899740050221,0.1624605342581598,0.1582105490756792,0.2962376525610338,0.2962376525610338,0.1458080302761837
precision3,oracle_four_file,winter_night,relative_humidity,class,3.0,15,0.1498039659188841,0.1593215169472093,0.1516525196678635,0.2122909637660147,0.2122909637660147,0.14538354675663
precision3,oracle_four_file,winter_night,relative_humidity,class,4.0,15,0.1204596464857933,0.134954190974963,0.1197193126769395,0.2202971374180307,0.2693251767365536,0.1313780326988943
precision3,oracle_four_file,winter_night,relative_humidity,class,5.0,15,0.2645446822173664,0.278628680938936,0.3055383789433433,0.3579137715388204,0.3579137715388204,0.2625934062403312
precision3,oracle_four_file,winter_night,relative_humidity,class,6.0,15,0.4771317337539815,0.6684325070999033,0.3029573911638498,1.9485763013303397,1.9485763013303397,0.4630201389821937
