{
"type": "FeatureCollection",
"name": "torino_boundary",
"crs": { "type": "name", "properties": { "name": "urn:ogc:def:crs:OGC:1.3:CRS84" } },
"features": [
{ "type": "Feature", "properties": { "boundary_id": "torino_exact" }, "geometry": { "type": "MultiPolygon", "coordinates": [ [ [ [ 7.665118054936818, 45.139895637922614 ], [ 7.665158671197369, 45.139870251699378 ], [ 7.665238824692971, 45.139819494501907 ], [ 7.66526207319909, 45.139798088324511 ], [ 7.665341763638333, 45.139719691279396 ], [ 7.66537873867101, 45.139671557394287 ], [ 7.665400101527171, 45.139642491194621 ], [ 7.665417978122955, 45.139620130130005 ], [ 7.665557028657906, 45.139487572938812 ], [ 7.665625288359038, 45.139405229882698 ], [ 7.665689059406152, 45.139328502714122 ], [ 7.665857438371254, 45.13919500240744 ], [ 7.665907776377511, 45.139142279669962 ], [ 7.665959790524523, 45.139114646268084 ], [ 7.66603629256559, 45.139077442935985 ], [ 7.666163672538863, 45.13903961053245 ], [ 7.666355687600706, 45.139037775509323 ], [ 7.666487828155546, 45.139021153274548 ], [ 7.666517838536343, 45.138999140773699 ], [ 7.666542098079078, 45.138978794839275 ], [ 7.666573449279037, 45.138949185230615 ], [ 7.666568824341647, 45.138916577420417 ], [ 7.66653951460067, 45.138880113972405 ], [ 7.666432620123295, 45.138795466553837 ], [ 7.66635730254399, 45.138763458094317 ], [ 7.666221496675855, 45.138737005565339 ], [ 7.666177456352968, 45.138712003780029 ], [ 7.66615246258373, 45.138685513236496 ], [ 7.666147276874475, 45.138645711887534 ], [ 7.666178941790633, 45.138582632269852 ], [ 7.666291960722718, 45.138501185188986 ], [ 7.666389308737102, 45.138457217255841 ], [ 7.666545968163728, 45.138439936124385 ], [ 7.666620536620657, 45.138440394601069 ], [ 7.666689639452355, 45.138436016500926 ], [ 7.666748515244104, 45.138436223247211 ], [ 7.667031973286086, 45.138446949912257 ], [ 7.66718152513891, 45.138447963742848 ], [ 7.667480683369261, 45.138428651984491 ], [ 7.667794960351752, 45.138488779538115 ], [ 7.667915449346626, 45.138489946631402 ], [ 7.668004201080048, 45.138475463880056 ], [ 7.668241941875113, 45.138419686072773 ], [ 7.668308894114451, 45.138397432407849 ], [ 7.668367542557891, 45.138367029833006 ], [ 7.668571728742352, 45.13823184746721 ], [ 7.668605353257504, 45.138206633236514 ], [ 7.668629047738936, 45.138187021108848 ], [ 7.668706779473257, 45.138108274795073 ], [ 7.668782223642446, 45.138047642018201 ], [ 7.66884090303512, 45.138013806304521 ], [ 7.668930531489162, 45.137987239245952 ], [ 7.669125737649772, 45.137973876756206 ], [ 7.669299049373429, 45.13793507108501 ], [ 7.669335172090468, 45.137925131058317 ], [ 7.669557164205623, 45.137928230848587 ], [ 7.669713550828961, 45.137943084620005 ], [ 7.669772989342428, 45.137923885060026 ], [ 7.669884068579614, 45.137875530934615 ], [ 7.669946351458814, 45.137827586827626 ], [ 7.670015625921866, 45.137784276287043 ], [ 7.670135232449097, 45.137712887722195 ], [ 7.67029092663692, 45.137655690096778 ], [ 7.670400109434683, 45.137649869901644 ], [ 7.670617577658215, 45.137649859771585 ], [ 7.670703044380899, 45.137666699558842 ], [ 7.670897390053057, 45.137699720672011 ], [ 7.671156619461606, 45.137766388811222 ], [ 7.671231924252375, 45.137799171708821 ], [ 7.671385288164772, 45.137948822031596 ], [ 7.671721971912702, 45.138157908739295 ], [ 7.671805114889406, 45.138102715039828 ], [ 7.671890002631957, 45.138047085185249 ], [ 7.672345749419193, 45.13774765884682 ], [ 7.67240140459418, 45.137825116674044 ], [ 7.672489478550147, 45.137951050235849 ], [ 7.673951227989228, 45.137370251147104 ], [ 7.674718256536047, 45.137187393164282 ], [ 7.675161702455143, 45.137080372129617 ], [ 7.676391330464234, 45.137259094074075 ], [ 7.676814446278654, 45.137969053662147 ], [ 7.677594889285523, 45.138181798821684 ], [ 7.677769039102285, 45.138293753441545 ], [ 7.677946213777074, 45.138480504765397 ], [ 7.678047762806298, 45.138542137749369 ], [ 7.67810663335581, 45.138508951212891 ], [ 7.67821267535165, 45.138443859497492 ], [ 7.678288141221197, 45.138355174946945 ], [ 7.678370529127057, 45.138286765811095 ], [ 7.678511110632596, 45.138204859589244 ], [ 7.678526619751103, 45.138136806962464 ], [ 7.678559768868684, 45.138073455727771 ], [ 7.678622199309409, 45.13800841253677 ], [ 7.678644086167206, 45.137987616190948 ], [ 7.678730233065852, 45.137918694883012 ], [ 7.678766772103163, 45.137876893312416 ], [ 7.678927991345078, 45.137846869108692 ], [ 7.679095285988546, 45.137838766622906 ], [ 7.679179407181826, 45.137791939660076 ], [ 7.679216314403638, 45.137765185872766 ], [ 7.680328790861262, 45.138632291074444 ], [ 7.680575724576521, 45.138818411405431 ], [ 7.681197323904216, 45.138198668501524 ], [ 7.681670367830136, 45.137731568603776 ], [ 7.682045905198921, 45.137875660653393 ], [ 7.68275563107643, 45.137532133078736 ], [ 7.683095277685259, 45.137369156956886 ], [ 7.683195574023345, 45.137320997682366 ], [ 7.683272515474618, 45.137283395380848 ], [ 7.683422950679113, 45.137186837503663 ], [ 7.683295401632717, 45.1368399484031 ], [ 7.683187491180678, 45.136522163123615 ], [ 7.683209530282331, 45.136409348483006 ], [ 7.683424695584409, 45.136045895198095 ], [ 7.683628672788384, 45.135789105314281 ], [ 7.683941081047564, 45.135552884288735 ], [ 7.684023637847121, 45.135491255784366 ], [ 7.684233006696437, 45.135449056834844 ], [ 7.684842900129501, 45.135330836457378 ], [ 7.684993084606925, 45.135299451450194 ], [ 7.685209275566632, 45.135257069122204 ], [ 7.685508046712481, 45.135198815519253 ], [ 7.685841387467336, 45.135144300424102 ], [ 7.686057816561107, 45.134917795328477 ], [ 7.686114686623318, 45.134794257453237 ], [ 7.686122556148936, 45.134687338238521 ], [ 7.68612515329071, 45.134650948956917 ], [ 7.686130314003574, 45.134585667540449 ], [ 7.686703860928084, 45.134298208804111 ], [ 7.68669027012213, 45.13409392764396 ], [ 7.686667522897182, 45.134052678480764 ], [ 7.686642485369287, 45.134030537031862 ], [ 7.686624012576934, 45.133972613622049 ], [ 7.687068139361674, 45.133951563769436 ], [ 7.68717531009138, 45.133948581342139 ], [ 7.687397729753068, 45.133941229161138 ], [ 7.68746052543436, 45.133921987855778 ], [ 7.687644114065876, 45.133868303468752 ], [ 7.688209897543304, 45.133668801862186 ], [ 7.688944574233276, 45.133409571292219 ], [ 7.690173310487735, 45.132968559525644 ], [ 7.690498507581475, 45.133500597727171 ], [ 7.69050209916143, 45.133527704395405 ], [ 7.690632331487056, 45.134576951457611 ], [ 7.690803071380516, 45.134566578576347 ], [ 7.692449067656041, 45.134454872743135 ], [ 7.693178316623695, 45.134404463869629 ], [ 7.693479169097692, 45.134387058527963 ], [ 7.693685078979692, 45.134383965549397 ], [ 7.693800303189682, 45.134379303795001 ], [ 7.693960761141742, 45.13436842150243 ], [ 7.694081196268831, 45.134360448819265 ], [ 7.694030284158389, 45.133911285538872 ], [ 7.69390920148858, 45.132967453562422 ], [ 7.694260401147372, 45.13291524973841 ], [ 7.695066846417149, 45.132765851761704 ], [ 7.69514464900748, 45.13275154863377 ], [ 7.695255244479091, 45.132731163215375 ], [ 7.696354547909109, 45.132530083447875 ], [ 7.696356504909995, 45.132443750445645 ], [ 7.696362863945775, 45.130942864485405 ], [ 7.696954967851414, 45.131009819893393 ], [ 7.69709836716733, 45.131020114924603 ], [ 7.697316402147978, 45.131045322844599 ], [ 7.697436473116298, 45.131059720755836 ], [ 7.697533149432134, 45.131070180796144 ], [ 7.69768804161804, 45.131091076983694 ], [ 7.699296461054515, 45.131271003833852 ], [ 7.699394948729682, 45.131279851816792 ], [ 7.699566461484534, 45.131302952045907 ], [ 7.701220596152774, 45.13148065206682 ], [ 7.702492916340856, 45.1315545581447 ], [ 7.702533395028647, 45.131563683145984 ], [ 7.703189276377053, 45.131597344836031 ], [ 7.703509636177083, 45.131616780612553 ], [ 7.703750938664905, 45.131630970250711 ], [ 7.706863868298304, 45.132137442086155 ], [ 7.709373205931284, 45.132545641028265 ], [ 7.709824800670382, 45.133510327985931 ], [ 7.711134436857205, 45.133150006543275 ], [ 7.711189839523956, 45.133346212300665 ], [ 7.711274343813813, 45.133709368349606 ], [ 7.711389287731718, 45.134203275767312 ], [ 7.71140303867926, 45.134262419225422 ], [ 7.711429673424048, 45.134376861616268 ], [ 7.711456468490909, 45.134491530850831 ], [ 7.711473415996365, 45.134582048060338 ], [ 7.711713590383749, 45.135617665756598 ], [ 7.711728530494069, 45.135689373675163 ], [ 7.71175726776092, 45.13581267126925 ], [ 7.712023710537448, 45.136945421322977 ], [ 7.712065587145826, 45.136938392518083 ], [ 7.712120288114572, 45.136942410316358 ], [ 7.712133144467821, 45.136968193106128 ], [ 7.71215072293901, 45.137024602584482 ], [ 7.712198751582751, 45.137081291558019 ], [ 7.712229068743546, 45.13711340952311 ], [ 7.712281168916085, 45.137139634856496 ], [ 7.712393263958416, 45.137167832028048 ], [ 7.712459029492331, 45.137191822313348 ], [ 7.712515303767021, 45.137197149408209 ], [ 7.712572278261701, 45.137154580830824 ], [ 7.712654125945741, 45.137087987102127 ], [ 7.712861983895685, 45.137173529507123 ], [ 7.712879739585547, 45.137201861812095 ], [ 7.713041242427198, 45.137291481256739 ], [ 7.713124023972804, 45.137475192261284 ], [ 7.713191904668358, 45.137525497274353 ], [ 7.713299153695843, 45.137517122580434 ], [ 7.71337975863604, 45.137527706754909 ], [ 7.713545339113934, 45.137525949990028 ], [ 7.713656847549903, 45.137562874576169 ], [ 7.713832929460012, 45.137547099394965 ], [ 7.713934318618358, 45.137488058552094 ], [ 7.71400126014992, 45.137420635254479 ], [ 7.71394512657956, 45.137334982754965 ], [ 7.713928251850652, 45.137264838560249 ], [ 7.71401320526848, 45.137201805709523 ], [ 7.714070827181983, 45.137202748975206 ], [ 7.714146357647794, 45.13715430161308 ], [ 7.714202482727946, 45.137092318554785 ], [ 7.714252100304818, 45.137060640292297 ], [ 7.714367934832588, 45.137053661111239 ], [ 7.7143086946607, 45.137147642689456 ], [ 7.714498134927221, 45.137200776502354 ], [ 7.714622321309286, 45.137261627206016 ], [ 7.714580009227961, 45.137267889600963 ], [ 7.714507983677717, 45.137286305569241 ], [ 7.714498342321982, 45.137341751129185 ], [ 7.714605801677985, 45.137362084050949 ], [ 7.714829487741133, 45.137328857750823 ], [ 7.714895325792898, 45.137270472734578 ], [ 7.714887506954731, 45.137237394347501 ], [ 7.714931696239491, 45.137205653799576 ], [ 7.715004407486252, 45.137295301893438 ], [ 7.715017037960023, 45.137349205879616 ], [ 7.714999029602843, 45.13737634684648 ], [ 7.715049855228311, 45.137397777560743 ], [ 7.715196779147304, 45.137402175377119 ], [ 7.715323453302129, 45.137362215173155 ], [ 7.715440968809601, 45.137307133336044 ], [ 7.715477876846876, 45.137335475444971 ], [ 7.715406807294897, 45.137439551370633 ], [ 7.71543537029643, 45.137469675572284 ], [ 7.715489560454947, 45.137506782621692 ], [ 7.715733676707385, 45.13754303637208 ], [ 7.715798365066694, 45.137573676588126 ], [ 7.715942627473466, 45.137596151365912 ], [ 7.716014992249839, 45.137668916695532 ], [ 7.716108287561331, 45.137667521724495 ], [ 7.716292235500109, 45.137720942769612 ], [ 7.716424183429385, 45.137871787903606 ], [ 7.716443053642045, 45.137914020926743 ], [ 7.716489508677174, 45.138002915641451 ], [ 7.716535475692512, 45.138008871141167 ], [ 7.716683697708739, 45.138059170581194 ], [ 7.717018358844649, 45.138040358430558 ], [ 7.717197900616745, 45.138025382078936 ], [ 7.717333503318791, 45.138011447593044 ], [ 7.717556603151108, 45.138015361250147 ], [ 7.717563653966536, 45.137931244684523 ], [ 7.717567938785034, 45.137904696335148 ], [ 7.717581392088176, 45.137874697975114 ], [ 7.717676462001517, 45.137889809195514 ], [ 7.717730003990131, 45.137877786434743 ], [ 7.717905031489083, 45.13791863823257 ], [ 7.718017995633871, 45.137909666147728 ], [ 7.718023398876272, 45.137997268497251 ], [ 7.718079650206534, 45.138043347859835 ], [ 7.718167057325426, 45.138045192334893 ], [ 7.718350444087292, 45.137940620043686 ], [ 7.718571081013405, 45.137942110518729 ], [ 7.718803474377252, 45.13782920273723 ], [ 7.718874541420242, 45.137781262079884 ], [ 7.71909950198403, 45.137738507995877 ], [ 7.719176562154571, 45.137773585192726 ], [ 7.719242942622595, 45.137842182868852 ], [ 7.719382821080124, 45.137856904059561 ], [ 7.719472095433307, 45.137878728881475 ], [ 7.719542652232327, 45.137982820172681 ], [ 7.719587128539462, 45.138030215130833 ], [ 7.719630110167435, 45.138053078039057 ], [ 7.719740723388671, 45.138050267469588 ], [ 7.719794088131429, 45.13801739648013 ], [ 7.719891603450577, 45.138014089655108 ], [ 7.720031258299104, 45.13795703866252 ], [ 7.720314595295067, 45.137877038388567 ], [ 7.720318702670944, 45.137702248582578 ], [ 7.720479192041847, 45.137672754329984 ], [ 7.720594694969803, 45.137638599735297 ], [ 7.720790027059532, 45.137646993872245 ], [ 7.720899305777481, 45.137575281594131 ], [ 7.72100098772697, 45.137544516648262 ], [ 7.72104248167775, 45.137518223792561 ], [ 7.721091287201457, 45.137489435618207 ], [ 7.721201555403971, 45.137442554564835 ], [ 7.721231225073968, 45.137415175039905 ], [ 7.721304372190511, 45.137384331517353 ], [ 7.721373424090484, 45.137360308602261 ], [ 7.721525537234795, 45.137329719895206 ], [ 7.721607942477901, 45.137323144040046 ], [ 7.721640052486354, 45.137383353230014 ], [ 7.721835789766611, 45.137294690000736 ], [ 7.721874280143464, 45.137265902152464 ], [ 7.721927802042103, 45.137224884466185 ], [ 7.721995091334162, 45.137204307107702 ], [ 7.722153511423529, 45.137152166024364 ], [ 7.722167510870016, 45.137062701585776 ], [ 7.722189563363527, 45.137022434328571 ], [ 7.722256379635208, 45.136981738084607 ], [ 7.722329495323368, 45.136979925890792 ], [ 7.722416821354849, 45.137008853273088 ], [ 7.722521568235778, 45.136994757334953 ], [ 7.722584246310396, 45.136959844116184 ], [ 7.722724005675705, 45.136924532837398 ], [ 7.722816033224308, 45.136883190184861 ], [ 7.722995721174006, 45.136860409058897 ], [ 7.723078312014814, 45.136894593995066 ], [ 7.723203908830946, 45.13693092415739 ], [ 7.723275999625144, 45.136943345115789 ], [ 7.723452798527997, 45.136949606516993 ], [ 7.723496798518648, 45.136965052940674 ], [ 7.723534410535863, 45.136994218571786 ], [ 7.72356841566282, 45.137084316105046 ], [ 7.723638528308783, 45.137152858433041 ], [ 7.72377676690342, 45.137170768624742 ], [ 7.72397999059657, 45.137123525772424 ], [ 7.724127235074854, 45.137046434831923 ], [ 7.724155739882867, 45.137007401409129 ], [ 7.724343586945509, 45.136972449883608 ], [ 7.724423504423588, 45.136953976339747 ], [ 7.724556454543006, 45.136872405242201 ], [ 7.724629293387513, 45.136816543070289 ], [ 7.724669426456439, 45.136794545516629 ], [ 7.724759739243516, 45.136777620908887 ], [ 7.724812585692794, 45.136715784152379 ], [ 7.724647756127107, 45.135773400587517 ], [ 7.724546087994288, 45.135478518238742 ], [ 7.724399158271919, 45.135453409530079 ], [ 7.724187584672285, 45.135414737454688 ], [ 7.723867895326494, 45.134201820054862 ], [ 7.723733676300127, 45.133816605416797 ], [ 7.723697389385355, 45.133659379039983 ], [ 7.723564038874966, 45.133105891160078 ], [ 7.723501408503012, 45.132846310486812 ], [ 7.723466980916548, 45.13269728556272 ], [ 7.722980307015482, 45.13279008613334 ], [ 7.722920953250982, 45.132801231713252 ], [ 7.722849821690381, 45.132411719223242 ], [ 7.722853240289382, 45.132160014328129 ], [ 7.722854131941791, 45.132106112070574 ], [ 7.722865200526545, 45.131606434875088 ], [ 7.72125357230639, 45.131343351895154 ], [ 7.721002578965962, 45.13091102353517 ], [ 7.720971269862292, 45.130728360878578 ], [ 7.720998875527994, 45.13062414292741 ], [ 7.720957110290852, 45.130511021209486 ], [ 7.720422062188009, 45.130520573791891 ], [ 7.720167274398642, 45.130555547306706 ], [ 7.719399040115498, 45.130547879634079 ], [ 7.718804506420143, 45.130533672582715 ], [ 7.718433806541809, 45.130519923259719 ], [ 7.718124989962763, 45.130480887551414 ], [ 7.71820299950613, 45.130422776721872 ], [ 7.718236120624877, 45.130385015386288 ], [ 7.718168450075474, 45.13017820083175 ], [ 7.718143707218874, 45.130014094333298 ], [ 7.718041377629684, 45.129658993118156 ], [ 7.717998050538763, 45.129465748180266 ], [ 7.71787255413525, 45.129015493156125 ], [ 7.717852166897117, 45.12893406324465 ], [ 7.717783296913447, 45.12880173506133 ], [ 7.717378502867408, 45.127298056028067 ], [ 7.718223749670069, 45.12703478638079 ], [ 7.718284965088934, 45.127015861426948 ], [ 7.718322193112637, 45.127004537421968 ], [ 7.718471735793245, 45.126959013412204 ], [ 7.718718074811691, 45.126886749201589 ], [ 7.718784618599404, 45.126869838042794 ], [ 7.719220183979325, 45.126736582759257 ], [ 7.719540237034813, 45.126555761677828 ], [ 7.720725424931586, 45.125538482865259 ], [ 7.721261294989218, 45.125103149689835 ], [ 7.721398564409819, 45.125086159419773 ], [ 7.722244301117186, 45.126027345234355 ], [ 7.722434233450246, 45.126235520947667 ], [ 7.722810404501836, 45.126350360244096 ], [ 7.724479800920954, 45.126886458301684 ], [ 7.724718952869772, 45.126946501945618 ], [ 7.724923634147054, 45.126935920567291 ], [ 7.726052098622674, 45.126596919681496 ], [ 7.726301505931092, 45.126520501029844 ], [ 7.726568333662069, 45.126385154518367 ], [ 7.726629666657047, 45.126360332964047 ], [ 7.726673534385406, 45.126345853153893 ], [ 7.726770625951916, 45.126307185014539 ], [ 7.726897048211203, 45.126252608275159 ], [ 7.727114716153667, 45.126163865273035 ], [ 7.72797128388856, 45.125845187213358 ], [ 7.72963432128094, 45.125211223300028 ], [ 7.729529331455938, 45.124870627707843 ], [ 7.72925959782937, 45.124633889094326 ], [ 7.729231693111029, 45.1246055111476 ], [ 7.729200674993846, 45.12458638293635 ], [ 7.729077477132362, 45.124465800938722 ], [ 7.728982892525363, 45.124387507889864 ], [ 7.728876042388583, 45.124282387178262 ], [ 7.728951987629801, 45.124211973897623 ], [ 7.729075684494236, 45.124207387041444 ], [ 7.729104981579023, 45.124186566229966 ], [ 7.729181175074163, 45.124141888823651 ], [ 7.729213591935864, 45.124125213796994 ], [ 7.729320787353817, 45.124100547396623 ], [ 7.729426540554591, 45.124075890053092 ], [ 7.729611672846779, 45.124036067447122 ], [ 7.72980630763113, 45.123992781953028 ], [ 7.729885163278072, 45.123905460953026 ], [ 7.730083283479392, 45.123842598967798 ], [ 7.730143948708561, 45.123823496794408 ], [ 7.730448338727084, 45.123654721327739 ], [ 7.730621129493557, 45.123633612209289 ], [ 7.730670473747941, 45.123646737052226 ], [ 7.730878428313492, 45.123688824438069 ], [ 7.731269371474539, 45.123764986394583 ], [ 7.731410714247268, 45.123781589616009 ], [ 7.73159933598703, 45.123796894082815 ], [ 7.7318380765609, 45.123748558961658 ], [ 7.732098337480958, 45.123694019747759 ], [ 7.732357082387352, 45.123640507312153 ], [ 7.732416063507562, 45.123644065112828 ], [ 7.732478662883594, 45.123644660966441 ], [ 7.732537020766108, 45.123637663550696 ], [ 7.732639268427806, 45.123646779346139 ], [ 7.732766409288547, 45.123658113880467 ], [ 7.733136013792316, 45.123720012430425 ], [ 7.733248237972081, 45.123741715670292 ], [ 7.733623030640262, 45.123801579092664 ], [ 7.733946619969603, 45.123811931149625 ], [ 7.734230654069825, 45.123739807406253 ], [ 7.734313942871816, 45.1237084251716 ], [ 7.734461578615218, 45.123650416853131 ], [ 7.734525661419946, 45.123684501885343 ], [ 7.734971044866891, 45.123718096535107 ], [ 7.7351775657243, 45.123721994639681 ], [ 7.735354122117716, 45.123756948680402 ], [ 7.735762262428969, 45.12369124008945 ], [ 7.7365717378024, 45.123507167684728 ], [ 7.736673275510577, 45.123382625912342 ], [ 7.736517676325667, 45.123110680291973 ], [ 7.736236075274332, 45.122249386947182 ], [ 7.736262247106635, 45.122199893370563 ], [ 7.736190098324361, 45.122121652917969 ], [ 7.735927706713969, 45.122017900297358 ], [ 7.735882424318812, 45.121886333685495 ], [ 7.735465453817525, 45.120612740627003 ], [ 7.735452437993425, 45.120573083343778 ], [ 7.735123760704256, 45.119557862343711 ], [ 7.735366710403832, 45.119530080507339 ], [ 7.735572941810149, 45.119506569786196 ], [ 7.736703396841358, 45.119385947665677 ], [ 7.736865629307662, 45.119368656837779 ], [ 7.73733372860812, 45.119318756645228 ], [ 7.738508942711639, 45.119192446262311 ], [ 7.738581638134122, 45.118878521333507 ], [ 7.738559475198548, 45.118493162055898 ], [ 7.738495748110336, 45.118219476528793 ], [ 7.738370593759591, 45.118138639028629 ], [ 7.738095416895301, 45.117960496460924 ], [ 7.737934162115111, 45.117859137029136 ], [ 7.737146652307167, 45.117371470116701 ], [ 7.736957989996995, 45.117249932130903 ], [ 7.736965974926561, 45.117152291182208 ], [ 7.736840758280835, 45.115611566641817 ], [ 7.73673025919077, 45.114228760984666 ], [ 7.736719957075942, 45.114099387259998 ], [ 7.73671432324269, 45.114027801513664 ], [ 7.736684647124994, 45.113656592911333 ], [ 7.736681609476709, 45.113617957089765 ], [ 7.736656794442835, 45.113310961328764 ], [ 7.736650521457921, 45.113238215374068 ], [ 7.736659776621795, 45.113200300664332 ], [ 7.736654281726757, 45.113136885532526 ], [ 7.73661959097018, 45.112994744814657 ], [ 7.736606555969628, 45.112929895992906 ], [ 7.73659561288907, 45.112862368887733 ], [ 7.736600623134731, 45.11283367451999 ], [ 7.736651567449472, 45.112812242369309 ], [ 7.736691599770888, 45.112800800244969 ], [ 7.736777032869407, 45.112777576564696 ], [ 7.736861617763634, 45.112754764719931 ], [ 7.737000302549369, 45.112718045768744 ], [ 7.737037904504994, 45.112707965612451 ], [ 7.737260799691516, 45.11264700248617 ], [ 7.737314618986852, 45.112642816785339 ], [ 7.737478611077334, 45.112682291582423 ], [ 7.73768656112516, 45.112742039738556 ], [ 7.737898743876346, 45.11277992402885 ], [ 7.738806952889381, 45.11303583957713 ], [ 7.739081713820281, 45.11308956275343 ], [ 7.73949630310377, 45.113059354513872 ], [ 7.739598267880786, 45.113028425672539 ], [ 7.739777190890492, 45.112950624191342 ], [ 7.739907711234968, 45.11286995326109 ], [ 7.739910490935813, 45.11281377878533 ], [ 7.739910923920849, 45.112740156418724 ], [ 7.739941489229019, 45.111086441007949 ], [ 7.740148316190698, 45.110044420249245 ], [ 7.740052285217719, 45.110022527041018 ], [ 7.739914393691298, 45.109969173377067 ], [ 7.739862290998685, 45.10990443568388 ], [ 7.739870874414978, 45.109876761781464 ], [ 7.740048240146567, 45.10980063047954 ], [ 7.740109202857576, 45.109749092913532 ], [ 7.740108425434725, 45.109700421730381 ], [ 7.73998474013392, 45.109530564797488 ], [ 7.740309571394245, 45.109515637412713 ], [ 7.740346207226164, 45.109517164973774 ], [ 7.740437607020877, 45.109523717366031 ], [ 7.740710362303074, 45.109493208480401 ], [ 7.740926924805721, 45.109475177830255 ], [ 7.741304111164214, 45.109451310015388 ], [ 7.741451933880553, 45.109427318529285 ], [ 7.741518296256365, 45.10941927770719 ], [ 7.741613013618641, 45.109377312034013 ], [ 7.741653777435958, 45.109346138067451 ], [ 7.741734020519154, 45.109259747540278 ], [ 7.741841598973256, 45.109206641487312 ], [ 7.741871892488931, 45.10919290010844 ], [ 7.741914477572403, 45.109175327068272 ], [ 7.742110730165809, 45.109079155679339 ], [ 7.742170511307418, 45.109050211009155 ], [ 7.742253169255225, 45.109011703667051 ], [ 7.742293082228858, 45.108992500540438 ], [ 7.742336006349558, 45.108971054018802 ], [ 7.742403670775999, 45.108937905811494 ], [ 7.742570016472532, 45.108856104130084 ], [ 7.74265108318634, 45.108813215823545 ], [ 7.742816299769961, 45.108727689023191 ], [ 7.742932024229956, 45.108667360391827 ], [ 7.743194926526279, 45.108495285240508 ], [ 7.743335196276174, 45.108416560295922 ], [ 7.743469169692679, 45.108339851602373 ], [ 7.743696585509329, 45.108240121721153 ], [ 7.743852903636176, 45.108177982006779 ], [ 7.743890584154864, 45.108132372300787 ], [ 7.743953705811887, 45.108051248724543 ], [ 7.744314074145395, 45.107590921009574 ], [ 7.744352761170043, 45.107366040426548 ], [ 7.744322819541769, 45.107306009696885 ], [ 7.744099668434646, 45.106953757956106 ], [ 7.743952684802959, 45.106715904433997 ], [ 7.744149394386842, 45.106627563361201 ], [ 7.7452957063078, 45.106119145208993 ], [ 7.745334093837447, 45.106098819732225 ], [ 7.745413769711753, 45.106065994337584 ], [ 7.74577143761261, 45.105933127188429 ], [ 7.746079555826995, 45.105778342835379 ], [ 7.746426884770647, 45.105564297404285 ], [ 7.746864104015896, 45.105223187299543 ], [ 7.747081136634206, 45.105047060219626 ], [ 7.74710895124494, 45.105024978012416 ], [ 7.747225059982489, 45.104935315155167 ], [ 7.747396135827153, 45.10481893839048 ], [ 7.747709093376232, 45.104643087252832 ], [ 7.748003030679884, 45.104488578742604 ], [ 7.748613404779044, 45.104224550189613 ], [ 7.74894874680066, 45.104096241623985 ], [ 7.74916326222225, 45.104014097429236 ], [ 7.749717618877608, 45.10377518177831 ], [ 7.749750583019717, 45.103760693385262 ], [ 7.750226595680431, 45.103555844312169 ], [ 7.750530588381476, 45.103424075163566 ], [ 7.751038503896501, 45.103209052302688 ], [ 7.751147749478082, 45.103162858216884 ], [ 7.751304824964004, 45.103090270877381 ], [ 7.751873665976736, 45.102854529502864 ], [ 7.752029419461425, 45.10279259830979 ], [ 7.75207202852784, 45.102775136046482 ], [ 7.752259008647131, 45.102693153186792 ], [ 7.752293128448896, 45.10267841923411 ], [ 7.752378431458622, 45.102641682465084 ], [ 7.752184594337566, 45.102212599760158 ], [ 7.75137982521412, 45.100451763844234 ], [ 7.751370765576343, 45.100353280810289 ], [ 7.75136687247771, 45.100324361454859 ], [ 7.751364918217178, 45.100292793374024 ], [ 7.751358892032032, 45.100159350015055 ], [ 7.751343969275302, 45.099814593567395 ], [ 7.751340080465813, 45.099736854037921 ], [ 7.751341449381995, 45.099501711175982 ], [ 7.75133757511032, 45.098857402830355 ], [ 7.751336139201157, 45.098760311989842 ], [ 7.751339372737261, 45.098613142222838 ], [ 7.751223032561014, 45.098206815310732 ], [ 7.750955896620397, 45.097303346016382 ], [ 7.747855665546299, 45.095417468627986 ], [ 7.745814117118262, 45.094381235698172 ], [ 7.742784764699397, 45.093096724961292 ], [ 7.742060672925758, 45.092787810999774 ], [ 7.741630662731225, 45.092602147160946 ], [ 7.742052271292958, 45.092274066732585 ], [ 7.742458981370138, 45.091957603994459 ], [ 7.74278672080627, 45.091662051985551 ], [ 7.742823229906295, 45.091637910570157 ], [ 7.742933717755966, 45.091529690424359 ], [ 7.7430859476255, 45.091413414851026 ], [ 7.743135040115989, 45.091376060393195 ], [ 7.743168600252722, 45.09135048662985 ], [ 7.743441854503776, 45.091143123027557 ], [ 7.743563500943242, 45.091053249169704 ], [ 7.743863152671673, 45.09083083775338 ], [ 7.743951795652626, 45.09070900054806 ], [ 7.743967667368024, 45.090682880009744 ], [ 7.743985444793238, 45.090638461793873 ], [ 7.744016227797663, 45.090621335114733 ], [ 7.744017839984348, 45.090572716191105 ], [ 7.743997242919206, 45.090405294043784 ], [ 7.744000945852739, 45.090357589292182 ], [ 7.7440293911692, 45.090256367400904 ], [ 7.744101562414196, 45.090137769574071 ], [ 7.744144508695396, 45.089994147581884 ], [ 7.744234707641744, 45.089896261206867 ], [ 7.744310064242161, 45.089777760383193 ], [ 7.744345589238969, 45.089724157400518 ], [ 7.744369919953585, 45.089703433672106 ], [ 7.744394023203975, 45.089683578810458 ], [ 7.744425163691253, 45.089594551461815 ], [ 7.744361511512149, 45.089430345766367 ], [ 7.744376493393686, 45.089388961849544 ], [ 7.744411524835521, 45.089355838787156 ], [ 7.744505873500707, 45.089294392049631 ], [ 7.744553949017521, 45.089252229633743 ], [ 7.744610190390178, 45.089067556025668 ], [ 7.744787400984364, 45.088986199755787 ], [ 7.744852034899977, 45.0888904497357 ], [ 7.744952687251537, 45.088791374216861 ], [ 7.745006526702226, 45.088744138535986 ], [ 7.745027941094147, 45.08872256975075 ], [ 7.745053514914757, 45.088685844450502 ], [ 7.745140646251603, 45.08861587688439 ], [ 7.74526609185442, 45.088598190472645 ], [ 7.745501021385615, 45.088614979189089 ], [ 7.745583548485218, 45.088596832617611 ], [ 7.745663709931433, 45.088546965597359 ], [ 7.745825315139224, 45.088362962606652 ], [ 7.746048211321607, 45.088176444016113 ], [ 7.746108139139392, 45.088099918028099 ], [ 7.746171994979235, 45.088047710268 ], [ 7.746261954915596, 45.088024101515082 ], [ 7.746414263988207, 45.088007206580386 ], [ 7.746562140046721, 45.087973898426313 ], [ 7.746623364116973, 45.087911095221777 ], [ 7.746644551875173, 45.087860397446896 ], [ 7.746737075378904, 45.087703457617195 ], [ 7.746754085155529, 45.087593362452935 ], [ 7.746712164351858, 45.087508919244549 ], [ 7.746668575005401, 45.087361563985638 ], [ 7.746671478885094, 45.087298687734254 ], [ 7.746649507843783, 45.087162401595933 ], [ 7.746674656956758, 45.087064023385999 ], [ 7.74674282953039, 45.086997381493248 ], [ 7.746777182149368, 45.086982907356948 ], [ 7.746844456987425, 45.086955273820472 ], [ 7.746960054132789, 45.086893192242698 ], [ 7.746976702342909, 45.086838420782392 ], [ 7.746923109585778, 45.086750406376431 ], [ 7.746947662093697, 45.086676318292426 ], [ 7.747005303377868, 45.086617064569019 ], [ 7.74706785227514, 45.086519381997753 ], [ 7.747236279178653, 45.086413058059577 ], [ 7.747292261784186, 45.086331301311574 ], [ 7.747322298015611, 45.086287031429677 ], [ 7.74742072495591, 45.086209308539075 ], [ 7.747624779875935, 45.086183429582434 ], [ 7.747896560983893, 45.086100982983133 ], [ 7.747998518550531, 45.086018643477765 ], [ 7.748082633585126, 45.085956683666858 ], [ 7.748112387106873, 45.08586150802887 ], [ 7.74811032541398, 45.085798890548986 ], [ 7.748182274718658, 45.085758383589464 ], [ 7.748422030445897, 45.085699385392964 ], [ 7.748464845288886, 45.085688138820394 ], [ 7.748514372585754, 45.085666385989015 ], [ 7.748554863650902, 45.085636270458089 ], [ 7.748525013026815, 45.08556701476958 ], [ 7.748505959931738, 45.085501111755981 ], [ 7.748535233963624, 45.085449728078636 ], [ 7.748560863117169, 45.085397029794066 ], [ 7.748585154270853, 45.085296030310886 ], [ 7.748683340287371, 45.085173665576001 ], [ 7.748756788366992, 45.085126206384196 ], [ 7.748811601870536, 45.085090331717382 ], [ 7.748872978060988, 45.085011456236963 ], [ 7.748913708264246, 45.08495557195485 ], [ 7.749037776369243, 45.084937409904683 ], [ 7.749142410463944, 45.084908725981379 ], [ 7.749219024563326, 45.084852522619876 ], [ 7.749263638105545, 45.084739958630948 ], [ 7.749293427717234, 45.084719048778879 ], [ 7.749383932509128, 45.084660622772866 ], [ 7.74953453202762, 45.084606202559691 ], [ 7.749596411151486, 45.084423196710389 ], [ 7.74976533079106, 45.084318597343227 ], [ 7.749895748934277, 45.084271439782334 ], [ 7.749987645592493, 45.084183976131911 ], [ 7.750064394344191, 45.084084170766317 ], [ 7.75013422095989, 45.08402972435195 ], [ 7.750647287755909, 45.083757492188489 ], [ 7.750764732778986, 45.083643548682936 ], [ 7.750809795930998, 45.083588346640717 ], [ 7.750940969565519, 45.08354593649144 ], [ 7.751028171570859, 45.083556166662447 ], [ 7.751185336108092, 45.083616958962395 ], [ 7.751299111383993, 45.08359463647696 ], [ 7.751399119153619, 45.083558960402698 ], [ 7.751588744603744, 45.083443787969699 ], [ 7.751781136371243, 45.083409317771959 ], [ 7.751954078955761, 45.083359880733838 ], [ 7.752206356600373, 45.083299197561722 ], [ 7.752355091650539, 45.083227290653156 ], [ 7.752526851153567, 45.083226438728005 ], [ 7.752609305017856, 45.083189945997319 ], [ 7.752654619658998, 45.083181881186448 ], [ 7.752822227444866, 45.083184435655539 ], [ 7.753014154525347, 45.083153086427927 ], [ 7.753069697657454, 45.083142275978688 ], [ 7.753157875358255, 45.083144851046754 ], [ 7.753294811060959, 45.083063538621182 ], [ 7.753365368528688, 45.083059645099638 ], [ 7.753491443510402, 45.083093256853374 ], [ 7.753585903506033, 45.083084363463719 ], [ 7.753729173316235, 45.08302387510146 ], [ 7.754014491953016, 45.083023135040015 ], [ 7.754286016074623, 45.083142379982206 ], [ 7.754516060815102, 45.083176059861565 ], [ 7.754601378611584, 45.083162605525487 ], [ 7.754657373911897, 45.08315851457683 ], [ 7.754701130744258, 45.083137278536505 ], [ 7.754782434796313, 45.083055679887586 ], [ 7.754816744127454, 45.082991353590565 ], [ 7.754795458455331, 45.082949019167415 ], [ 7.754888090393695, 45.0828877422028 ], [ 7.754899743275282, 45.082843174432256 ], [ 7.754969272153851, 45.082791857129315 ], [ 7.755073955137598, 45.082752590278162 ], [ 7.755197950847495, 45.082662685400571 ], [ 7.755341041928763, 45.082602459516032 ], [ 7.75548510915947, 45.082597092953073 ], [ 7.75561386840007, 45.082608034483592 ], [ 7.75567836431161, 45.082585237211454 ], [ 7.755837518102596, 45.082506969695672 ], [ 7.755924759142385, 45.082441320386479 ], [ 7.756017093548132, 45.082396292008028 ], [ 7.756066646019263, 45.082348175292708 ], [ 7.756091824376202, 45.082325873057449 ], [ 7.756128064348755, 45.082303174607709 ], [ 7.756204029885812, 45.082208928665757 ], [ 7.756280652514495, 45.08218434125493 ], [ 7.756535703312382, 45.082153805031211 ], [ 7.756569168929077, 45.082126436701998 ], [ 7.756622650305991, 45.0821237874082 ], [ 7.756728385100143, 45.082121383857192 ], [ 7.756836555340031, 45.082139204060852 ], [ 7.756935606453014, 45.082095571324892 ], [ 7.757354911751037, 45.08227048513163 ], [ 7.757821114298712, 45.082313130115018 ], [ 7.758198679726926, 45.08230639583563 ], [ 7.758410639092605, 45.082282523429683 ], [ 7.759971978668835, 45.082332473564627 ], [ 7.76049806247562, 45.082355261670799 ], [ 7.760739715775385, 45.082384369582805 ], [ 7.761557945928704, 45.082470369474805 ], [ 7.762256493661789, 45.082555804438172 ], [ 7.762773944299739, 45.082563453672208 ], [ 7.763102021978331, 45.082492231697465 ], [ 7.763219905166856, 45.082478421518204 ], [ 7.763340175897081, 45.082462427132029 ], [ 7.7635792727339, 45.082358569074081 ], [ 7.763824913107206, 45.082407136808428 ], [ 7.764473214861968, 45.082562988942392 ], [ 7.764796898893444, 45.082476038824623 ], [ 7.764894727748149, 45.082449896264151 ], [ 7.764996240838697, 45.082422713249912 ], [ 7.765078766462276, 45.082399155971466 ], [ 7.765170909636309, 45.082325983896489 ], [ 7.765475670653705, 45.082078226109992 ], [ 7.765561108097501, 45.08201542420791 ], [ 7.765647559535194, 45.081952021079687 ], [ 7.765738108281734, 45.081878301100332 ], [ 7.766007229026605, 45.081657703952388 ], [ 7.766149626459941, 45.081535975615374 ], [ 7.766245333556157, 45.081454414585721 ], [ 7.766288402140805, 45.081418495526741 ], [ 7.766331975333771, 45.081380558298122 ], [ 7.766371899711276, 45.081345909599428 ], [ 7.766441313119675, 45.081292546041439 ], [ 7.766473121387609, 45.081264308031407 ], [ 7.766501634879784, 45.081238850185322 ], [ 7.766545999523419, 45.08119063236434 ], [ 7.766566929623917, 45.081167558181079 ], [ 7.766739432841847, 45.081033819114587 ], [ 7.766909307745997, 45.080952168233388 ], [ 7.768959225715434, 45.081673255990346 ], [ 7.768976016356814, 45.081641915397007 ], [ 7.769070002359319, 45.081520036885713 ], [ 7.769112670646056, 45.081291576526979 ], [ 7.769179793265765, 45.080916801595954 ], [ 7.769191737639276, 45.080858535651927 ], [ 7.769038774876248, 45.080656693960954 ], [ 7.7678931176295, 45.080378484332726 ], [ 7.767717073723453, 45.080332171604027 ], [ 7.767450322582747, 45.080206060679735 ], [ 7.767388939989074, 45.08017736469764 ], [ 7.767400152052227, 45.080101826471235 ], [ 7.767421946680757, 45.079934346433049 ], [ 7.767504544659567, 45.079720959944112 ], [ 7.767738952908728, 45.079389691164032 ], [ 7.767768622100897, 45.079348346478746 ], [ 7.767801327620044, 45.079314695985097 ], [ 7.767879613699356, 45.079234888157636 ], [ 7.76792742200554, 45.079186282955867 ], [ 7.767988472806424, 45.079124448428544 ], [ 7.768014693713587, 45.079101179904399 ], [ 7.768247711798772, 45.078971518369976 ], [ 7.768300930396467, 45.078941911166353 ], [ 7.768478740000575, 45.078843237377832 ], [ 7.768581007603639, 45.078789188909404 ], [ 7.768734224023344, 45.078759358164412 ], [ 7.768823842450009, 45.078743257923001 ], [ 7.768871922533929, 45.07872607245158 ], [ 7.768965558788469, 45.078692141432334 ], [ 7.769003102905166, 45.078678595174175 ], [ 7.769113378663157, 45.078639123662477 ], [ 7.769421849791065, 45.078579374480292 ], [ 7.769515239674944, 45.078562812938237 ], [ 7.769596254125978, 45.078502174762448 ], [ 7.769711785958837, 45.078381927593902 ], [ 7.76980172009474, 45.078336926988065 ], [ 7.769942753442322, 45.078283210302992 ], [ 7.770000418472057, 45.078265747727066 ], [ 7.770678945966162, 45.078134241200267 ], [ 7.770721824549369, 45.078113391927367 ], [ 7.770936888265712, 45.078130363657444 ], [ 7.771150516737053, 45.078150402655581 ], [ 7.771343040249161, 45.078217946247733 ], [ 7.771405438921044, 45.078303027553517 ], [ 7.771586925664694, 45.078404331180771 ], [ 7.771656733168426, 45.078420702051119 ], [ 7.772308630490307, 45.078417302032484 ], [ 7.772708032352549, 45.078336775889071 ], [ 7.772963832056961, 45.078263275978841 ], [ 7.773084675579516, 45.078181810037663 ], [ 7.773365640670679, 45.077886659886552 ], [ 7.773342398999792, 45.07783798320542 ], [ 7.773280719541733, 45.077787160751051 ], [ 7.773186638043899, 45.07768072986476 ], [ 7.773107664894877, 45.077589831812801 ], [ 7.773048434419197, 45.0775217835806 ], [ 7.773027981072867, 45.077498313945782 ], [ 7.772943024514547, 45.077400464203038 ], [ 7.772916089943813, 45.077369420095813 ], [ 7.772724825183476, 45.077147761932068 ], [ 7.771998202457885, 45.076315873355902 ], [ 7.771713297885214, 45.075988325442985 ], [ 7.77012376174928, 45.074154464890945 ], [ 7.770099061202541, 45.074125901657965 ], [ 7.76992046148637, 45.073928267693994 ], [ 7.769904135943896, 45.073899104195462 ], [ 7.76972958089276, 45.073699655521509 ], [ 7.769431455099917, 45.073356198950705 ], [ 7.769405134475057, 45.073325905960189 ], [ 7.769385980559986, 45.073303826037034 ], [ 7.768202121648994, 45.071940584247372 ], [ 7.767502446424744, 45.071135046975151 ], [ 7.767353718234384, 45.070963823972072 ], [ 7.767250759592947, 45.07084529102297 ], [ 7.767220311243383, 45.070813051770912 ], [ 7.76701059791115, 45.07056927329554 ], [ 7.766419868144295, 45.06989060780009 ], [ 7.765755104531731, 45.069127227626694 ], [ 7.765162615900064, 45.068445477630803 ], [ 7.76504652552714, 45.068314884927794 ], [ 7.764229723676846, 45.067379731259116 ], [ 7.764102678375635, 45.067234308239506 ], [ 7.763691698650227, 45.066763815237998 ], [ 7.76191960633871, 45.064732311595478 ], [ 7.760090879724002, 45.062658118166773 ], [ 7.75971294114121, 45.062230315653181 ], [ 7.759693134556722, 45.062194822348381 ], [ 7.75965080094484, 45.062172282833053 ], [ 7.759601455402373, 45.062112244726521 ], [ 7.759534281341915, 45.06202657195248 ], [ 7.759469440758139, 45.06194882719489 ], [ 7.759448159493267, 45.061920628211801 ], [ 7.759407336679025, 45.061873118637671 ], [ 7.759372485558332, 45.06183597382325 ], [ 7.758938221522317, 45.061336204603201 ], [ 7.758849929866968, 45.061233605301823 ], [ 7.758826946063058, 45.061209859804173 ], [ 7.758751870553295, 45.061123637978433 ], [ 7.758722614971112, 45.061090087003429 ], [ 7.758580930986251, 45.06092705750774 ], [ 7.757952552917867, 45.060202835909756 ], [ 7.757881249901195, 45.060123116046121 ], [ 7.75771150716909, 45.059927434839999 ], [ 7.757362329410782, 45.059524803903869 ], [ 7.756167274038043, 45.058148094005269 ], [ 7.756111541934549, 45.058085773031408 ], [ 7.756029048246758, 45.057991826903098 ], [ 7.755844300030723, 45.057779370992669 ], [ 7.755811796987578, 45.057746556227563 ], [ 7.755535802654363, 45.05750624049049 ], [ 7.755412528193759, 45.057402152683302 ], [ 7.754788496831098, 45.0568628016592 ], [ 7.754739450146909, 45.056820327242491 ], [ 7.754710912336986, 45.056796159357127 ], [ 7.752404907474089, 45.054799441137419 ], [ 7.751764234536384, 45.054244906157443 ], [ 7.751711621507275, 45.054199552255369 ], [ 7.751512771086985, 45.054027435225834 ], [ 7.751317886599629, 45.053858766610176 ], [ 7.751284328314258, 45.053827682652006 ], [ 7.751160470148165, 45.053720374648677 ], [ 7.75106400803086, 45.053635248733777 ], [ 7.7510398239223, 45.053615063141557 ], [ 7.751005757066374, 45.053584835914229 ], [ 7.750873125832572, 45.053469297569904 ], [ 7.750634911888521, 45.05326473422673 ], [ 7.750511457507873, 45.053156198474746 ], [ 7.750487529536541, 45.053135582577937 ], [ 7.750149865825564, 45.052844016344068 ], [ 7.749813886369443, 45.052554340820798 ], [ 7.749216334173988, 45.052038201702189 ], [ 7.748887765527389, 45.051754627723653 ], [ 7.748309301328787, 45.051255437257865 ], [ 7.748224327559793, 45.051182594531959 ], [ 7.748177494704808, 45.051134724212623 ], [ 7.74811899324256, 45.051096313815854 ], [ 7.748029813899462, 45.051023067463227 ], [ 7.747707495710963, 45.050761437558691 ], [ 7.746302179069938, 45.04961373850594 ], [ 7.745975044010864, 45.049346152751014 ], [ 7.745429307876222, 45.048902483743944 ], [ 7.743078722100712, 45.046992522369571 ], [ 7.740283904692254, 45.044724307300029 ], [ 7.74025406002369, 45.044695549291532 ], [ 7.7381551807519, 45.042879519913598 ], [ 7.737887779597277, 45.042648949969454 ], [ 7.737723290989764, 45.042506579448357 ], [ 7.737696892029464, 45.042484412204288 ], [ 7.737419036486148, 45.042244230416081 ], [ 7.736847729298308, 45.04174803712327 ], [ 7.73604918694285, 45.041049535879836 ], [ 7.735279145739285, 45.04030422529118 ], [ 7.73517979034979, 45.040211881032626 ], [ 7.735120865683883, 45.040152890859346 ], [ 7.735084307178239, 45.040116856516804 ], [ 7.734812871959681, 45.039855579629553 ], [ 7.734475195953937, 45.039529276661085 ], [ 7.734443386502491, 45.039500510636351 ], [ 7.734417942881231, 45.039479243495258 ], [ 7.734010991754871, 45.039079869240616 ], [ 7.733847654807016, 45.038928945944591 ], [ 7.733194979106949, 45.038298578110947 ], [ 7.732737166556091, 45.037855110944669 ], [ 7.73263471197073, 45.03775083587162 ], [ 7.731779999016335, 45.037192028972164 ], [ 7.731717696943408, 45.037151331805255 ], [ 7.73167678987829, 45.037124449763397 ], [ 7.730664495637812, 45.036457280316277 ], [ 7.730026357027471, 45.036040567443912 ], [ 7.728895846877201, 45.035298962274446 ], [ 7.727149380235764, 45.034150281628747 ], [ 7.725802001588321, 45.033277249115891 ], [ 7.725359286199881, 45.032988390811624 ], [ 7.724814245792419, 45.032633021906832 ], [ 7.724027479208157, 45.032118079238366 ], [ 7.723295698541421, 45.031639477944154 ], [ 7.722634519454776, 45.031205890647421 ], [ 7.722569453816916, 45.031189277160678 ], [ 7.722453109832974, 45.031157218841486 ], [ 7.720529069189291, 45.030584368931756 ], [ 7.719652068977489, 45.030324004865783 ], [ 7.718606072970593, 45.030018311779145 ], [ 7.718196221419657, 45.029895256956657 ], [ 7.716835111221007, 45.029471156732924 ], [ 7.716199939584344, 45.029283607083393 ], [ 7.715843968255443, 45.02917870772206 ], [ 7.71490611004227, 45.028910790281053 ], [ 7.714736634309392, 45.02886256276647 ], [ 7.713925764101548, 45.02863737615349 ], [ 7.713408950952045, 45.028498622553272 ], [ 7.713219913278135, 45.0284477391628 ], [ 7.713106402597911, 45.028416444986021 ], [ 7.713053231071274, 45.028403280906851 ], [ 7.712728650380074, 45.028316238756517 ], [ 7.710434207376272, 45.02770149262264 ], [ 7.710390873240393, 45.027688349280055 ], [ 7.710341783412995, 45.02767725185663 ], [ 7.71028447587651, 45.027658734063891 ], [ 7.710249339008213, 45.027644825373478 ], [ 7.709234559789708, 45.027307380069608 ], [ 7.708288638652348, 45.026992514443315 ], [ 7.708200240198464, 45.026962934351658 ], [ 7.708120305927867, 45.026938947402513 ], [ 7.70802330064088, 45.026292485941319 ], [ 7.708008848930259, 45.026185283722967 ], [ 7.70778671983117, 45.024736796464097 ], [ 7.707694746929485, 45.024121011355113 ], [ 7.707677821708135, 45.024021792742168 ], [ 7.707661711261912, 45.023914515854749 ], [ 7.707554162365946, 45.023942984125249 ], [ 7.707445668225278, 45.024025854403604 ], [ 7.707384896168497, 45.024047209395697 ], [ 7.707298419258125, 45.024054964967 ], [ 7.707159703752866, 45.024046016557229 ], [ 7.707092031973693, 45.024031662003253 ], [ 7.707006707485741, 45.024021098958443 ], [ 7.706964750329826, 45.024005755434999 ], [ 7.706933768871259, 45.023976379817704 ], [ 7.70689334958415, 45.023958074958152 ], [ 7.706686003290609, 45.023975576758247 ], [ 7.706547988855491, 45.023975415086376 ], [ 7.7064692929584, 45.02396637242763 ], [ 7.706377209943842, 45.023958441018507 ], [ 7.706275412216659, 45.023956285803877 ], [ 7.706184640459496, 45.02393516962799 ], [ 7.706134756012473, 45.023933265814939 ], [ 7.706048157791233, 45.023940039659188 ], [ 7.705997564536384, 45.023923624813037 ], [ 7.705934229152349, 45.023905722459325 ], [ 7.705840268381203, 45.023926263911747 ], [ 7.705720037257345, 45.023966089329605 ], [ 7.705668243302857, 45.02397147050106 ], [ 7.705612686053867, 45.02400111408604 ], [ 7.705494399610006, 45.02403484002641 ], [ 7.70540293412846, 45.024081726424392 ], [ 7.705347502413144, 45.024100835494075 ], [ 7.705276479778854, 45.024105747319602 ], [ 7.70522416212308, 45.024105974172052 ], [ 7.705134005553194, 45.024116804633465 ], [ 7.7050551083827, 45.024132001700231 ], [ 7.704996388224811, 45.024137971059673 ], [ 7.704933585780408, 45.024148505756251 ], [ 7.704893289330405, 45.024147516712404 ], [ 7.704803974649344, 45.024177969773575 ], [ 7.704734255675482, 45.024155970503841 ], [ 7.704666299673844, 45.024176299160303 ], [ 7.704620346250745, 45.024165781263505 ], [ 7.704560886574269, 45.024149722493163 ], [ 7.704498986229487, 45.02417613841218 ], [ 7.704375438193433, 45.024188843503012 ], [ 7.704345103166493, 45.024212900719206 ], [ 7.70427381730404, 45.024217655001742 ], [ 7.704241963563835, 45.024232453619753 ], [ 7.704202088086261, 45.024241552122689 ], [ 7.704140189701551, 45.024268825748742 ], [ 7.704075198886483, 45.024225685691313 ], [ 7.704030069069359, 45.024202410427762 ], [ 7.7039486737839, 45.024183620558233 ], [ 7.703877808579116, 45.024161468226247 ], [ 7.703818186279621, 45.024156729796864 ], [ 7.70378550213486, 45.02412879500438 ], [ 7.703744767926563, 45.024120320917646 ], [ 7.703700833545515, 45.02409937257913 ], [ 7.703674570308939, 45.024055384665907 ], [ 7.703647544344941, 45.024016678496459 ], [ 7.703610528961424, 45.023996300175988 ], [ 7.703555229240544, 45.023988734580975 ], [ 7.70338558479549, 45.024030787992523 ], [ 7.703278319827031, 45.023997556521401 ], [ 7.703160795169416, 45.024003725815298 ], [ 7.703083088547212, 45.023978102478935 ], [ 7.702989760876787, 45.023970166803309 ], [ 7.702876697378843, 45.02396545638539 ], [ 7.702714734448029, 45.023981604008846 ], [ 7.702409156570429, 45.023979225654685 ], [ 7.70232312505842, 45.023959997560006 ], [ 7.702188456868967, 45.023943422196766 ], [ 7.701890829300096, 45.023878357251554 ], [ 7.7016156670886, 45.02370328825446 ], [ 7.701510230804383, 45.023690525502218 ], [ 7.701334940733309, 45.023760999042779 ], [ 7.701170504425871, 45.023743791356978 ], [ 7.701065252727196, 45.023768831920997 ], [ 7.700981428966325, 45.023818868649151 ], [ 7.700917576443077, 45.02392064492674 ], [ 7.70088255263831, 45.023939253949614 ], [ 7.700811510170444, 45.023946325024923 ], [ 7.700743784436799, 45.0239528900808 ], [ 7.700676278157246, 45.023963724488269 ], [ 7.700591693119955, 45.023961545819645 ], [ 7.700499901273496, 45.023981508931961 ], [ 7.700446489133217, 45.023994039321821 ], [ 7.700390511247902, 45.024007766542056 ], [ 7.70034679286392, 45.024028653842166 ], [ 7.700331999710716, 45.023989301153229 ], [ 7.700125248018103, 45.023480533936883 ], [ 7.699637602478307, 45.023308336026531 ], [ 7.699087217772843, 45.023256810839428 ], [ 7.698745427045558, 45.023224734163705 ], [ 7.698619216019306, 45.023212714099699 ], [ 7.698215413655625, 45.023126170700522 ], [ 7.698148134315308, 45.023112400438826 ], [ 7.698066727817165, 45.023096777609311 ], [ 7.697913265346197, 45.023010520735532 ], [ 7.697776420707677, 45.023042113260026 ], [ 7.697541579184694, 45.023099699765815 ], [ 7.697376185162186, 45.023157533436866 ], [ 7.696712034712069, 45.023129977128285 ], [ 7.696330920485889, 45.02316159815333 ], [ 7.696037242240133, 45.023131864833395 ], [ 7.695837029074017, 45.02305892609624 ], [ 7.695770852975673, 45.023040032356221 ], [ 7.695759417898294, 45.023009513169299 ], [ 7.695671495275371, 45.022927340655045 ], [ 7.695625049570243, 45.022963987911126 ], [ 7.695585206207902, 45.022995458867918 ], [ 7.695556280367887, 45.023011211205507 ], [ 7.695483922128632, 45.023043597050915 ], [ 7.694892712253278, 45.023307747763866 ], [ 7.694806345356527, 45.023335715171513 ], [ 7.694533160369779, 45.023424400718447 ], [ 7.693922882877498, 45.023704929677329 ], [ 7.693481567307745, 45.023833638291414 ], [ 7.693370753844155, 45.02385688966254 ], [ 7.693001239196057, 45.023909498673895 ], [ 7.692523865647028, 45.023964859359872 ], [ 7.692278110725366, 45.023991936797358 ], [ 7.691971096664292, 45.024026383082699 ], [ 7.691761632310983, 45.024089458675988 ], [ 7.691708978271604, 45.024103280032328 ], [ 7.691173115791467, 45.024295576767877 ], [ 7.690991630114532, 45.024348371915146 ], [ 7.690863945435147, 45.024402186890043 ], [ 7.690642852854412, 45.024472437542258 ], [ 7.690306078406161, 45.024566881334025 ], [ 7.690231344334215, 45.02458350669459 ], [ 7.690105278633608, 45.024610974663766 ], [ 7.689949718656028, 45.024630871998625 ], [ 7.689863614478458, 45.024634499373825 ], [ 7.689769545825674, 45.024628753451353 ], [ 7.688898207789496, 45.024566621201821 ], [ 7.688386921425021, 45.02451525030348 ], [ 7.688120097073847, 45.024503233628792 ], [ 7.687164172668047, 45.024546077516405 ], [ 7.68710152071213, 45.02454875628672 ], [ 7.68705369215116, 45.024549596245059 ], [ 7.686877918242089, 45.024501442155191 ], [ 7.685908378191556, 45.024216046082152 ], [ 7.685871682035178, 45.024205229288775 ], [ 7.685136465245296, 45.023988586182156 ], [ 7.683945685049406, 45.023317045260271 ], [ 7.683322261566345, 45.022607579556976 ], [ 7.683262246328742, 45.022539238310983 ], [ 7.68283732233631, 45.022051686803238 ], [ 7.682595684865023, 45.022022981879175 ], [ 7.682452866635681, 45.021932157729353 ], [ 7.682355809273672, 45.021526000411868 ], [ 7.682490087354971, 45.02138788817593 ], [ 7.682536723826677, 45.021339691827677 ], [ 7.682492297911528, 45.021291963421319 ], [ 7.682465059342305, 45.02125351982265 ], [ 7.682454799393175, 45.021208725050698 ], [ 7.682453349669164, 45.021148424454964 ], [ 7.682453399595001, 45.021095232852694 ], [ 7.68245179041876, 45.021059589298346 ], [ 7.682444293062812, 45.021009564794412 ], [ 7.682436677071768, 45.020977770452504 ], [ 7.682421715480742, 45.02094588504945 ], [ 7.682405047640242, 45.020918443094033 ], [ 7.682390513891503, 45.020886554521688 ], [ 7.682355606321817, 45.020828102113747 ], [ 7.682298311198628, 45.020734767368765 ], [ 7.682274096391006, 45.020701910081804 ], [ 7.68223710114219, 45.020660828800722 ], [ 7.682178381224284, 45.020559795335096 ], [ 7.682129114367132, 45.020469015172026 ], [ 7.68203041495742, 45.020348627029414 ], [ 7.681831607098508, 45.020270456115234 ], [ 7.681728576822498, 45.020231357918398 ], [ 7.68163235230774, 45.020192315701195 ], [ 7.681554147968658, 45.020140026342418 ], [ 7.681441494998705, 45.020003664744024 ], [ 7.681354364092712, 45.01985757685884 ], [ 7.681310619378483, 45.019455306351119 ], [ 7.681301960547993, 45.019406610527909 ], [ 7.68096434461382, 45.019030231539205 ], [ 7.680894527868533, 45.018654524897592 ], [ 7.680870180628757, 45.018605233711511 ], [ 7.680550793207608, 45.018325523847757 ], [ 7.680449936321773, 45.018225982062063 ], [ 7.680086959807882, 45.018009924571828 ], [ 7.679718874625488, 45.017786208349783 ], [ 7.679667851858555, 45.017753812886909 ], [ 7.679611890383494, 45.01770177756643 ], [ 7.679322789174349, 45.017606765184716 ], [ 7.678989602158112, 45.017302062266516 ], [ 7.67857212965781, 45.016912337674889 ], [ 7.678354616460585, 45.016708689077859 ], [ 7.6781264254306, 45.016493267991855 ], [ 7.678076879752049, 45.016447622812123 ], [ 7.678008115143184, 45.01638478202532 ], [ 7.677967253474402, 45.016346734117178 ], [ 7.677814372967395, 45.016203861924048 ], [ 7.677452871014979, 45.016240884352918 ], [ 7.677304314995653, 45.016257465391433 ], [ 7.676672533176839, 45.016331401852611 ], [ 7.676382786112669, 45.016366113486761 ], [ 7.675426150664512, 45.016487898364588 ], [ 7.674829827219053, 45.016561918171554 ], [ 7.674634425984013, 45.016584951947522 ], [ 7.674438970555342, 45.016608952463933 ], [ 7.674262722805008, 45.016630624515685 ], [ 7.67383268589671, 45.01668361478341 ], [ 7.673466134077712, 45.016728908892965 ], [ 7.67330979239844, 45.016746786876702 ], [ 7.673199426017113, 45.016759934559914 ], [ 7.672963221363273, 45.01678801761296 ], [ 7.672854521369984, 45.016800884565569 ], [ 7.672656762830456, 45.01682491287324 ], [ 7.672542960848111, 45.016838870664245 ], [ 7.672491227239636, 45.016845299713658 ], [ 7.672402567824305, 45.016856102837643 ], [ 7.672309988200826, 45.016867388722353 ], [ 7.672142808691284, 45.016887780247998 ], [ 7.671886183795765, 45.016919196459085 ], [ 7.671714167243012, 45.016940299858561 ], [ 7.671647926249224, 45.016948459166471 ], [ 7.670637877921271, 45.017074820731963 ], [ 7.67057683605714, 45.017081294478452 ], [ 7.669508351405398, 45.017024542224767 ], [ 7.669165985444388, 45.017006896606325 ], [ 7.668825435241974, 45.016983636841054 ], [ 7.668745402934463, 45.016977014603455 ], [ 7.668633142852507, 45.016971922253028 ], [ 7.668570881074304, 45.016968873798781 ], [ 7.668520381760497, 45.016964517663865 ], [ 7.668389585093911, 45.016958297032545 ], [ 7.668324878716843, 45.01695383454377 ], [ 7.668222095229942, 45.016949468037417 ], [ 7.668079206277617, 45.016937544642488 ], [ 7.667835166988145, 45.016942342207919 ], [ 7.665326431292274, 45.01680508017408 ], [ 7.665257928685235, 45.016801680607841 ], [ 7.664854755450977, 45.016769429427612 ], [ 7.664666047296318, 45.01675034960487 ], [ 7.664077274480245, 45.016698337150416 ], [ 7.664024574647656, 45.016693833556047 ], [ 7.663965802982374, 45.016687919411552 ], [ 7.663867975787044, 45.016678666733426 ], [ 7.662990747831328, 45.016604363607101 ], [ 7.662117300848848, 45.016529169943006 ], [ 7.661900046384202, 45.016513399544422 ], [ 7.661108423056429, 45.016443819071114 ], [ 7.660560529618921, 45.016393221100252 ], [ 7.660429989402226, 45.016381538305062 ], [ 7.660306286629664, 45.016370760155318 ], [ 7.659573157310994, 45.016307157420513 ], [ 7.659280711122037, 45.016282360720425 ], [ 7.659228058181136, 45.016279088721937 ], [ 7.659137452792671, 45.016273689482972 ], [ 7.658910368705065, 45.01625065945985 ], [ 7.658895388431618, 45.01620920261032 ], [ 7.658751956933283, 45.015885345355358 ], [ 7.658712679130409, 45.015798286610909 ], [ 7.658661962552247, 45.015679655246565 ], [ 7.658211289685454, 45.01462076166785 ], [ 7.657968093791808, 45.014081444298604 ], [ 7.657497987265782, 45.013026821968786 ], [ 7.657085256295685, 45.012018400350371 ], [ 7.656736649284013, 45.011151992053186 ], [ 7.656467587742416, 45.010491337148352 ], [ 7.656365581806315, 45.010250970594875 ], [ 7.656341175936981, 45.010193130607753 ], [ 7.655780753878158, 45.008875610871222 ], [ 7.655761465958356, 45.00881596940139 ], [ 7.65573859209726, 45.008753337586413 ], [ 7.655538292032275, 45.008277323134067 ], [ 7.655525367988712, 45.008245902823703 ], [ 7.655455806768996, 45.0080804973163 ], [ 7.655438263783536, 45.008039531891605 ], [ 7.655399993088522, 45.007948368979186 ], [ 7.655282716372416, 45.007671073929536 ], [ 7.655153375879982, 45.007364377748232 ], [ 7.655128227291904, 45.007303348350888 ], [ 7.654725202314141, 45.007544828341914 ], [ 7.654657726654039, 45.00758359136195 ], [ 7.654595235564075, 45.007619365025718 ], [ 7.654569919539652, 45.007638564875407 ], [ 7.654481734311783, 45.007715477825627 ], [ 7.65443201022348, 45.007758556559175 ], [ 7.654400949422704, 45.007783828878061 ], [ 7.654292681693051, 45.007830428733619 ], [ 7.654254148907785, 45.007846662352186 ], [ 7.654195804444189, 45.007870778580447 ], [ 7.654136988870848, 45.007895123275638 ], [ 7.654074498277928, 45.007921962261285 ], [ 7.654032913056983, 45.007940436408703 ], [ 7.653958079661357, 45.007940709228755 ], [ 7.653752899194599, 45.007941430206223 ], [ 7.653629587259299, 45.007935595964256 ], [ 7.653536614361048, 45.007941594983919 ], [ 7.653491081986447, 45.007942869247323 ], [ 7.653447767934177, 45.007948089084728 ], [ 7.653357374273299, 45.00793033982545 ], [ 7.653308898801862, 45.007922046282729 ], [ 7.652571825344545, 45.008057215900408 ], [ 7.652515559355622, 45.008152131521378 ], [ 7.652486517480168, 45.008206741865813 ], [ 7.65247721545163, 45.008255895949375 ], [ 7.652469839067702, 45.008310921298232 ], [ 7.652464082463181, 45.008354666563179 ], [ 7.652455225079915, 45.008421870221085 ], [ 7.652446598376871, 45.008487677703037 ], [ 7.652438658444716, 45.008547575432559 ], [ 7.652427379950793, 45.008631708312137 ], [ 7.652416351055284, 45.008697621568238 ], [ 7.652338577034182, 45.008778594954187 ], [ 7.65229915799281, 45.00881855098622 ], [ 7.652260005471141, 45.008857258884653 ], [ 7.652221949354049, 45.00887637985209 ], [ 7.652104363680411, 45.008903926721032 ], [ 7.651934699413776, 45.0088860624411 ], [ 7.651732506409379, 45.008801178085754 ], [ 7.651622529208296, 45.008754813194507 ], [ 7.651543086937988, 45.008745520388651 ], [ 7.651485034653011, 45.008733631937552 ], [ 7.651278872287564, 45.008703834798986 ], [ 7.651166300128257, 45.008630243145419 ], [ 7.651035919343924, 45.008544546769748 ], [ 7.650993526966415, 45.008516154428072 ], [ 7.650952990053098, 45.008488781403607 ], [ 7.65081699876282, 45.008396696448521 ], [ 7.650666303553072, 45.008296376363276 ], [ 7.650608251796845, 45.008260770137035 ], [ 7.650563582894146, 45.008241743325271 ], [ 7.650497244823062, 45.008213866276506 ], [ 7.650449801154345, 45.008193147574282 ], [ 7.650340506142043, 45.008149112899225 ], [ 7.6502802843344, 45.008126492217869 ], [ 7.650173708570914, 45.008073345383806 ], [ 7.650094873600294, 45.008035820652779 ], [ 7.650040910312518, 45.008013479976704 ], [ 7.649975096784877, 45.007986415396125 ], [ 7.649906309819551, 45.00795974231113 ], [ 7.649867779991613, 45.0079384743212 ], [ 7.649819059808872, 45.007913073671467 ], [ 7.649601243616729, 45.007935639346599 ], [ 7.649064956727529, 45.007992308248191 ], [ 7.648169500865388, 45.007901382896122 ], [ 7.647822251440407, 45.007844013309267 ], [ 7.647676897346731, 45.007790452634481 ], [ 7.647548337449107, 45.007767062556312 ], [ 7.647478661183488, 45.007717148041124 ], [ 7.646925809740519, 45.007548318040179 ], [ 7.646694867970578, 45.007350498056852 ], [ 7.646503860916976, 45.007188153108999 ], [ 7.64622303611804, 45.007056689885736 ], [ 7.645956869587929, 45.007169632485315 ], [ 7.645805718389143, 45.007124802748038 ], [ 7.64563487268765, 45.007036070034879 ], [ 7.645485984642295, 45.006975519670647 ], [ 7.645380792458811, 45.006964942207183 ], [ 7.644751795060056, 45.006997024774094 ], [ 7.644606810719517, 45.007038448253482 ], [ 7.644564699962941, 45.007029015788419 ], [ 7.644401964381095, 45.006783024960775 ], [ 7.643861641311975, 45.006899066541322 ], [ 7.64369670475589, 45.006907651470911 ], [ 7.643022328080969, 45.0069444768042 ], [ 7.642953190740615, 45.006949164326358 ], [ 7.642847822621477, 45.006953848781556 ], [ 7.642697027887272, 45.00696308825222 ], [ 7.642403891368535, 45.006978262573334 ], [ 7.641804441355491, 45.007141640920686 ], [ 7.64166816971624, 45.007179250269061 ], [ 7.641183598752198, 45.007317404729164 ], [ 7.641013055408691, 45.007538048217171 ], [ 7.640855040287746, 45.007745232376287 ], [ 7.640664127979059, 45.007995894599205 ], [ 7.640598565054234, 45.008081580134288 ], [ 7.640446094716663, 45.008279222881015 ], [ 7.640081414733195, 45.008459504901857 ], [ 7.639705151214941, 45.00859644398907 ], [ 7.639544860205047, 45.008655185592495 ], [ 7.639049180932207, 45.008832173276595 ], [ 7.63823031535683, 45.008940462393319 ], [ 7.638042224651697, 45.008885599310034 ], [ 7.638004477858393, 45.008872892974018 ], [ 7.637606694525102, 45.008545551487188 ], [ 7.637581121516776, 45.008523418529172 ], [ 7.637476198148898, 45.008434070273914 ], [ 7.637415022732509, 45.008386739186129 ], [ 7.637352382080639, 45.008335166883057 ], [ 7.637335785294032, 45.008310065935461 ], [ 7.637261409813017, 45.008295554836636 ], [ 7.63715654403859, 45.008171714349338 ], [ 7.636711218111002, 45.008088071818328 ], [ 7.636643374979998, 45.008097231416464 ], [ 7.636386817328857, 45.008190342478585 ], [ 7.634791317837539, 45.009385979215985 ], [ 7.634744030619414, 45.009409184276734 ], [ 7.634678463839534, 45.009456565922534 ], [ 7.634639005459475, 45.009483862297159 ], [ 7.634602968527391, 45.009506821942566 ], [ 7.634512675457925, 45.009576293765903 ], [ 7.633550315142397, 45.010087010801712 ], [ 7.632896192650827, 45.010199989368601 ], [ 7.632761709689315, 45.010230620398346 ], [ 7.63250774518578, 45.010276865520986 ], [ 7.63226059545822, 45.010322233904674 ], [ 7.631537117040485, 45.01038486430167 ], [ 7.630836917478026, 45.010394441944797 ], [ 7.630053643741867, 45.010375339566004 ], [ 7.629892808936416, 45.010371911902745 ], [ 7.629813425264325, 45.010371231206925 ], [ 7.629658013313562, 45.010366140819258 ], [ 7.629609334675087, 45.010366582830549 ], [ 7.629410492878908, 45.010359961760571 ], [ 7.629357668512173, 45.010360131555153 ], [ 7.629254095612287, 45.0103579295467 ], [ 7.62903151966669, 45.010353639749376 ], [ 7.628607162476316, 45.009619986149666 ], [ 7.628512189018405, 45.009541573967134 ], [ 7.62847564334319, 45.009509027898517 ], [ 7.628001643291699, 45.009111707233785 ], [ 7.627918862315014, 45.008809845312669 ], [ 7.627580206814217, 45.008322833732414 ], [ 7.626525029114576, 45.008093930383069 ], [ 7.62520331130252, 45.008074174299601 ], [ 7.624167180022733, 45.008122695919518 ], [ 7.623979053536321, 45.008154307686439 ], [ 7.623912943552842, 45.008153163513406 ], [ 7.623817516171635, 45.008179482770423 ], [ 7.623754271425518, 45.008190898296874 ], [ 7.623577871777738, 45.00821707585942 ], [ 7.623523010755388, 45.008228714743574 ], [ 7.62347765683073, 45.008238341060427 ], [ 7.623372653834875, 45.008256963999465 ], [ 7.623316800859672, 45.008267259442739 ], [ 7.622998949158637, 45.008307070743456 ], [ 7.622700834518624, 45.008398927925661 ], [ 7.622626532772411, 45.008420294296805 ], [ 7.622570537153656, 45.008436528014713 ], [ 7.622299891857519, 45.008518651375859 ], [ 7.621712113364038, 45.00869719359094 ], [ 7.621391510478796, 45.008794617235921 ], [ 7.621345879713775, 45.008813791288979 ], [ 7.620943340175849, 45.008997907450954 ], [ 7.620892532381157, 45.009019587941822 ], [ 7.620801525310904, 45.009056873776871 ], [ 7.620412659787323, 45.009214604791801 ], [ 7.620194636383059, 45.009304773792323 ], [ 7.620163431107458, 45.009319652239576 ], [ 7.619995062679357, 45.009401475692904 ], [ 7.618843216826673, 45.009961738426149 ], [ 7.618701542967981, 45.010020297852932 ], [ 7.618155806252141, 45.010242556544824 ], [ 7.617568129155033, 45.010350578355521 ], [ 7.617444453592308, 45.010373400503084 ], [ 7.617398083720041, 45.010382258639851 ], [ 7.617211409966521, 45.010411362597786 ], [ 7.616272739141704, 45.010674853762978 ], [ 7.615661391916628, 45.01073188556407 ], [ 7.615486097801149, 45.010774323257309 ], [ 7.615306728574325, 45.01082055237675 ], [ 7.615242061634633, 45.010834972375896 ], [ 7.614725516458226, 45.011037299055815 ], [ 7.614638852269304, 45.011071537796418 ], [ 7.614405924404027, 45.011175754995627 ], [ 7.614276902282484, 45.011157046047948 ], [ 7.613989402312303, 45.011100444487816 ], [ 7.613949312794328, 45.011090059363916 ], [ 7.613892821062567, 45.011065049562291 ], [ 7.613822949720746, 45.011029950905105 ], [ 7.613738674491716, 45.010981774901992 ], [ 7.61343483961658, 45.010830838887365 ], [ 7.612930404226201, 45.010654819318979 ], [ 7.612702477128105, 45.010575046203854 ], [ 7.612381093827138, 45.01046321269758 ], [ 7.612167412754889, 45.010390120913925 ], [ 7.611890250562866, 45.010292514492079 ], [ 7.611781921251215, 45.010254950427978 ], [ 7.611717172498674, 45.010257252669305 ], [ 7.611674393059209, 45.010221105687563 ], [ 7.611328707746655, 45.010103258418518 ], [ 7.611261058909745, 45.010073030943943 ], [ 7.610918098644723, 45.009957124875868 ], [ 7.610579643135454, 45.009839605436632 ], [ 7.610488866771314, 45.009813705957164 ], [ 7.61006555300965, 45.009786960082231 ], [ 7.609220132814482, 45.01004637925903 ], [ 7.609099975437825, 45.010103722427701 ], [ 7.608847649140906, 45.01033380422944 ], [ 7.608600805071496, 45.010562017758765 ], [ 7.608536594621355, 45.010621826238143 ], [ 7.60846632014914, 45.010686842199263 ], [ 7.608337995598599, 45.01080690573621 ], [ 7.608304982849043, 45.01083452721312 ], [ 7.608251716285455, 45.010883003186038 ], [ 7.608041536449363, 45.011074538502889 ], [ 7.60774397275523, 45.011068285722018 ], [ 7.607672121150484, 45.011067037829534 ], [ 7.607532476405771, 45.011065114412354 ], [ 7.607447251114863, 45.011059127617465 ], [ 7.607401263550258, 45.011057204770907 ], [ 7.607193909679983, 45.011096947734082 ], [ 7.607114852304705, 45.011119053460092 ], [ 7.60658491286372, 45.011220027277226 ], [ 7.606434459260452, 45.011347289297476 ], [ 7.606179896952612, 45.011575704918627 ], [ 7.6061282872904, 45.011611124851925 ], [ 7.606087636358985, 45.011644219221061 ], [ 7.605921906111814, 45.011782365508452 ], [ 7.605521394784176, 45.011949658897422 ], [ 7.604629962226671, 45.012321139981857 ], [ 7.604557163451587, 45.012351720991269 ], [ 7.604075748217658, 45.012540924983163 ], [ 7.603943556264941, 45.012591781834111 ], [ 7.603738594067942, 45.012673619950696 ], [ 7.603444474490525, 45.012789164133018 ], [ 7.603395147395678, 45.012809140968848 ], [ 7.603057581219425, 45.013010478296827 ], [ 7.602620954126634, 45.013270062632593 ], [ 7.602436253654918, 45.013298790280906 ], [ 7.601109039348538, 45.013498366770868 ], [ 7.600921279355722, 45.01344234027593 ], [ 7.600727758269268, 45.013383805156906 ], [ 7.600657291343951, 45.013362536982406 ], [ 7.600090162991649, 45.013192913739111 ], [ 7.599628726038909, 45.013056064495267 ], [ 7.599471952938897, 45.012953881195294 ], [ 7.599227988862943, 45.012797249491896 ], [ 7.599177278477676, 45.01276938582054 ], [ 7.599142661610107, 45.012748896787784 ], [ 7.5990492688208, 45.012691883350847 ], [ 7.598846542997769, 45.012567399373623 ], [ 7.598551195368981, 45.01233044001237 ], [ 7.598336811899761, 45.012157158545158 ], [ 7.598251896762863, 45.012087198455539 ], [ 7.598141560749683, 45.012095332800662 ], [ 7.598063141594329, 45.012100445392484 ], [ 7.597965086000796, 45.012107027183383 ], [ 7.597912095772112, 45.012110595710894 ], [ 7.596679597563146, 45.01219163581623 ], [ 7.596423181974388, 45.012266901573746 ], [ 7.596173968135691, 45.012545947689134 ], [ 7.596397217564506, 45.013132958964476 ], [ 7.596813506838019, 45.013983135354962 ], [ 7.596897349386952, 45.014094662197998 ], [ 7.596800316506645, 45.014276258826577 ], [ 7.596699409245415, 45.014462029643596 ], [ 7.596653213291468, 45.014544963531449 ], [ 7.596105635651638, 45.014748012669806 ], [ 7.595904385757658, 45.014822994977067 ], [ 7.595830812618715, 45.014849732377215 ], [ 7.595757078871333, 45.014876962859205 ], [ 7.59563732280895, 45.014921074752522 ], [ 7.595527451498896, 45.014961718145628 ], [ 7.595488201635506, 45.014977179528572 ], [ 7.595367477205786, 45.014969214933906 ], [ 7.595140238930749, 45.014944664444805 ], [ 7.594943827297378, 45.014924179113784 ], [ 7.594889770729357, 45.014817124958967 ], [ 7.594767213664707, 45.014592256174922 ], [ 7.594685810914388, 45.014437422650616 ], [ 7.594520988756725, 45.014326903971494 ], [ 7.594156264451278, 45.01407371848903 ], [ 7.593136561148178, 45.014024986898178 ], [ 7.592974635623536, 45.014134890735853 ], [ 7.592859084069294, 45.014219031675964 ], [ 7.592557739820265, 45.014434925363567 ], [ 7.592414101298889, 45.01453819345565 ], [ 7.592198965007855, 45.014750135710415 ], [ 7.592117824772656, 45.014827737181704 ], [ 7.592051260921896, 45.014892982283037 ], [ 7.591907044816389, 45.015034486281714 ], [ 7.591792243441609, 45.015146751015855 ], [ 7.591616248992107, 45.01531908311059 ], [ 7.591565888312516, 45.01536848459174 ], [ 7.591544398655727, 45.015390878201799 ], [ 7.590932628896472, 45.016036250770057 ], [ 7.590824855352165, 45.016068708484511 ], [ 7.590757790119942, 45.016087327595919 ], [ 7.590601398319818, 45.016133324331001 ], [ 7.590529642988924, 45.016153513860537 ], [ 7.590397058302162, 45.01619477032277 ], [ 7.590323792976857, 45.016215976300103 ], [ 7.589781380511426, 45.01637192396732 ], [ 7.589850838673742, 45.016397304756453 ], [ 7.590177676757517, 45.016505590766265 ], [ 7.590792628543933, 45.016709993094693 ], [ 7.59085284631947, 45.016730272179835 ], [ 7.590887472578983, 45.016744042111974 ], [ 7.590960998269118, 45.016766206531564 ], [ 7.591250651182849, 45.016863484864466 ], [ 7.59156310330431, 45.016969500970035 ], [ 7.592060800177814, 45.017134859948797 ], [ 7.59222368174582, 45.017192273115008 ], [ 7.59240320905041, 45.017253353378798 ], [ 7.592360511950023, 45.017402552879147 ], [ 7.592291325656837, 45.017619905922025 ], [ 7.592250005966128, 45.017754411453993 ], [ 7.592232800110532, 45.017812861083804 ], [ 7.591976985320525, 45.018645679628051 ], [ 7.591897793056636, 45.01889550666332 ], [ 7.591849309536053, 45.019352952157533 ], [ 7.591859708123708, 45.01943366805213 ], [ 7.591968756615088, 45.019732108612295 ], [ 7.592120827479532, 45.019764472249598 ], [ 7.59245531003145, 45.01984532984541 ], [ 7.592704677530416, 45.019903144939128 ], [ 7.592741272167984, 45.019905414337721 ], [ 7.592797928880493, 45.01990133708437 ], [ 7.592848435460994, 45.019898739538789 ], [ 7.593401168225753, 45.019881622798941 ], [ 7.593516496912466, 45.019860515302867 ], [ 7.593759265055482, 45.019815239037385 ], [ 7.593896115505041, 45.019789630605871 ], [ 7.594030751595398, 45.019765036263429 ], [ 7.594111692912167, 45.019757609809041 ], [ 7.594276671361574, 45.019749800114404 ], [ 7.594365636638077, 45.01974434555698 ], [ 7.594464026278357, 45.019738149058334 ], [ 7.594572054225632, 45.019718732101992 ], [ 7.594699947077626, 45.019700753180125 ], [ 7.596326754450303, 45.019445439420267 ], [ 7.597662013202747, 45.019240699216624 ], [ 7.597734086623158, 45.019228852075599 ], [ 7.598586597378494, 45.019087966809977 ], [ 7.599382009480842, 45.018956468622598 ], [ 7.599796203334735, 45.018889380310988 ], [ 7.599891179568104, 45.018872706779966 ], [ 7.600125098675257, 45.018830807497707 ], [ 7.600172246101335, 45.018822307094929 ], [ 7.600285904306762, 45.018802112073843 ], [ 7.600537373488608, 45.018754998937716 ], [ 7.600758426099405, 45.019110513848069 ], [ 7.602326638217766, 45.021634023470931 ], [ 7.602343505829624, 45.02167005116172 ], [ 7.602942632012596, 45.022610532532404 ], [ 7.603213700986432, 45.023035833020849 ], [ 7.603670064782797, 45.023787420059058 ], [ 7.603937493922231, 45.024223215444891 ], [ 7.604615478280038, 45.025326404840122 ], [ 7.60491790152832, 45.025805605854615 ], [ 7.604981621149956, 45.025916419785553 ], [ 7.605598910872633, 45.026887882297622 ], [ 7.605772969673414, 45.027160539523493 ], [ 7.606052775391698, 45.027613146915634 ], [ 7.606207949093641, 45.027869147164317 ], [ 7.60663150432335, 45.028538825455321 ], [ 7.607242133700192, 45.029532217781075 ], [ 7.607369650513832, 45.029776371921493 ], [ 7.606229126586368, 45.029479264131439 ], [ 7.606115066995826, 45.029451042627976 ], [ 7.605986600992295, 45.029420297441604 ], [ 7.605503058910287, 45.029294334164497 ], [ 7.60394169314391, 45.028893042438796 ], [ 7.603355408001323, 45.028744676519231 ], [ 7.603204543883817, 45.02870864648775 ], [ 7.601570082171297, 45.028290547871102 ], [ 7.601455502642606, 45.028363240825314 ], [ 7.601340570143736, 45.028434413423298 ], [ 7.600992752117688, 45.028653667315893 ], [ 7.599144487306773, 45.029821645165086 ], [ 7.598980076130357, 45.029925328046609 ], [ 7.598818352563209, 45.030027574563313 ], [ 7.598753987079647, 45.030008710730279 ], [ 7.598467701410811, 45.029908189290438 ], [ 7.598093334232026, 45.029884902080269 ], [ 7.597927317976734, 45.029910748800347 ], [ 7.597761640849372, 45.029939908533983 ], [ 7.597310002106825, 45.030187513916353 ], [ 7.596868655049603, 45.030430848352452 ], [ 7.596447688698997, 45.030662835375239 ], [ 7.595662215168891, 45.0310946584882 ], [ 7.594695426509082, 45.031614719955229 ], [ 7.594648948510255, 45.03163912813045 ], [ 7.594145606767481, 45.031960923454086 ], [ 7.594071310272721, 45.03200843336753 ], [ 7.594014922468602, 45.032041531200683 ], [ 7.593933109268244, 45.032096082453847 ], [ 7.592636443361407, 45.032680848023034 ], [ 7.592592356953798, 45.032707004191728 ], [ 7.590815567418532, 45.033485511465287 ], [ 7.589740677583239, 45.034025785784074 ], [ 7.589699219877147, 45.034047628992312 ], [ 7.589050872412481, 45.034328440800486 ], [ 7.588830627600146, 45.034399451599228 ], [ 7.588570795949788, 45.034463405780642 ], [ 7.588404082281155, 45.034497848400449 ], [ 7.588283266898231, 45.034521692328731 ], [ 7.588242933030251, 45.034529909264997 ], [ 7.588194716348112, 45.034539732776089 ], [ 7.588155304555519, 45.034547778344212 ], [ 7.588095803038064, 45.034559863079139 ], [ 7.587993987543221, 45.034581022329206 ], [ 7.587933343754819, 45.034604910510829 ], [ 7.587829519685767, 45.034647074946797 ], [ 7.587573459765955, 45.034750571912731 ], [ 7.587350329771113, 45.034840406681823 ], [ 7.586620045663579, 45.035129157683933 ], [ 7.585857592689217, 45.035430202738077 ], [ 7.585801090374229, 45.035455558869096 ], [ 7.585645601216171, 45.035528248589799 ], [ 7.585493689869431, 45.035591229793724 ], [ 7.585074488063036, 45.035765048052866 ], [ 7.584295927955534, 45.036087859311841 ], [ 7.584157644088763, 45.036152841371326 ], [ 7.583532737461437, 45.036509721629628 ], [ 7.583562434434702, 45.036555725893834 ], [ 7.582891849441089, 45.03728936546576 ], [ 7.582701616042832, 45.037391987745835 ], [ 7.582631898305156, 45.03743057664289 ], [ 7.582548488152951, 45.03747516090241 ], [ 7.582359601434691, 45.037578828240065 ], [ 7.582259257683143, 45.037633446172833 ], [ 7.581656280480042, 45.037961424103237 ], [ 7.58155511413152, 45.038016701834579 ], [ 7.581169564582793, 45.038226269548311 ], [ 7.581079570433933, 45.038276653636039 ], [ 7.580992528060449, 45.038396831594348 ], [ 7.580888510112612, 45.038538839575551 ], [ 7.580867799673848, 45.038574070232769 ], [ 7.580733520379112, 45.038765680318107 ], [ 7.580177895617068, 45.039546881492264 ], [ 7.580122581401288, 45.039620895641669 ], [ 7.579853911201834, 45.039879587861975 ], [ 7.579777290733904, 45.039956389376336 ], [ 7.577871932481216, 45.041799728283763 ], [ 7.577845009770622, 45.041822877920147 ], [ 7.580027794259, 45.043997041848201 ], [ 7.580108671159842, 45.04407794537714 ], [ 7.580323951086065, 45.044286165213187 ], [ 7.580388100341307, 45.044259090327913 ], [ 7.580884104930694, 45.044053572739536 ], [ 7.581205266277323, 45.043920897585963 ], [ 7.581249206337028, 45.043984482663703 ], [ 7.581390772851289, 45.0439656480089 ], [ 7.581526201051345, 45.04391753939904 ], [ 7.581661540935152, 45.043868936229266 ], [ 7.582170105235475, 45.043706245057315 ], [ 7.582227500383264, 45.043667195615235 ], [ 7.582252386732669, 45.04362354044104 ], [ 7.582255433993265, 45.043573381215559 ], [ 7.582179081346147, 45.043057668193882 ], [ 7.5822188387747, 45.043035132398693 ], [ 7.582280769843597, 45.043019938361084 ], [ 7.582337742607497, 45.042982176281747 ], [ 7.582371832161671, 45.042958957936442 ], [ 7.58251056226621, 45.042862782309221 ], [ 7.582823757513312, 45.042680927346204 ], [ 7.583023419554395, 45.042579134005237 ], [ 7.583151159726621, 45.042505781355693 ], [ 7.583643501693131, 45.042222662445752 ], [ 7.583783535096657, 45.042142358202753 ], [ 7.583932116727499, 45.042068502509998 ], [ 7.585696790344159, 45.043827824308281 ], [ 7.586523482910652, 45.044649417150893 ], [ 7.586722791178081, 45.044842492205312 ], [ 7.588767616045986, 45.043883925986052 ], [ 7.589610993847908, 45.043490063952945 ], [ 7.58964758741731, 45.043473659066358 ], [ 7.589877799418174, 45.04337650606616 ], [ 7.589994924575187, 45.043328036241853 ], [ 7.590109944848224, 45.043279543907637 ], [ 7.590428907980769, 45.043144747914212 ], [ 7.591859561530765, 45.042476741829454 ], [ 7.592586576849774, 45.042112707721643 ], [ 7.59261890863176, 45.04197209118896 ], [ 7.59261957198229, 45.041939758380792 ], [ 7.592624869633633, 45.041847575309895 ], [ 7.592631428434142, 45.041679831758316 ], [ 7.592663124066317, 45.04164519617462 ], [ 7.592730961493924, 45.041576141810758 ], [ 7.593028043109941, 45.041440887896869 ], [ 7.593088577531477, 45.041413592084005 ], [ 7.593175766252028, 45.041374093148903 ], [ 7.594144010119125, 45.040936760716754 ], [ 7.594398567554201, 45.040821545303324 ], [ 7.595252260055278, 45.04044707735563 ], [ 7.596250107847751, 45.040025729224496 ], [ 7.596395444234642, 45.039971497259323 ], [ 7.596746143600611, 45.03984158628402 ], [ 7.596904104871626, 45.039809937864291 ], [ 7.597937038445579, 45.039609734479299 ], [ 7.598185920988408, 45.039560798153566 ], [ 7.598673961825575, 45.039342842087926 ], [ 7.598953050709117, 45.03922309434644 ], [ 7.599040326074794, 45.039185672311248 ], [ 7.599071729377752, 45.039172317156215 ], [ 7.599475662086721, 45.03900050897083 ], [ 7.600047332388971, 45.038786145468428 ], [ 7.603286038243845, 45.037228889901719 ], [ 7.604479702650733, 45.036654388906641 ], [ 7.604830204667273, 45.036477825430623 ], [ 7.605177611334965, 45.036277558948775 ], [ 7.606060827483975, 45.035842449467459 ], [ 7.606515991458455, 45.035620633167035 ], [ 7.606559217029742, 45.035606550639159 ], [ 7.607317034917799, 45.035409291376567 ], [ 7.607423196276713, 45.035363348837386 ], [ 7.607682381725171, 45.035304140965962 ], [ 7.608140443447282, 45.035149411137105 ], [ 7.608579843167126, 45.034992251100576 ], [ 7.609142703434038, 45.034790669333319 ], [ 7.609397068673697, 45.034682998487114 ], [ 7.609662415229272, 45.034570216293204 ], [ 7.611099834042185, 45.033958641643338 ], [ 7.611253199919164, 45.033893335952421 ], [ 7.611624781876249, 45.033734865823988 ], [ 7.611657628478579, 45.033801801643897 ], [ 7.611675244511881, 45.033837239258673 ], [ 7.612042667822021, 45.034575474710572 ], [ 7.612590708505377, 45.035674311293718 ], [ 7.61325659752844, 45.037014479726096 ], [ 7.614071966509929, 45.038631631029034 ], [ 7.614091988110065, 45.038713795517118 ], [ 7.61432254947429, 45.039224724671527 ], [ 7.614391275612408, 45.039476774598405 ], [ 7.6146024687004, 45.039855456662771 ], [ 7.614647156967814, 45.039844474667433 ], [ 7.614750507831551, 45.039821283967363 ], [ 7.615518514262018, 45.039469550889976 ], [ 7.615539773456421, 45.039419702476671 ], [ 7.615573564413126, 45.03935947291847 ], [ 7.615624562867623, 45.039301037202499 ], [ 7.615705468158009, 45.039269811196206 ], [ 7.615838890247439, 45.039220995682662 ], [ 7.615975863094194, 45.039170873671665 ], [ 7.616139320042356, 45.039114932300016 ], [ 7.616242037731196, 45.03907958545647 ], [ 7.616455138364638, 45.038996640111911 ], [ 7.616482152166149, 45.039040067455566 ], [ 7.61652245280132, 45.039099408141162 ], [ 7.616540774863211, 45.039129288575459 ], [ 7.616886985502166, 45.03983148006747 ], [ 7.617087424995095, 45.0402274206538 ], [ 7.617414726434125, 45.040863407656488 ], [ 7.617453719985321, 45.040965927603715 ], [ 7.617485886807873, 45.041077607091928 ], [ 7.617621614777695, 45.041636245034745 ], [ 7.61763548519642, 45.041675355906378 ], [ 7.617899520547487, 45.04240522818445 ], [ 7.618409657084515, 45.043749643293445 ], [ 7.618167774958367, 45.043906950337849 ], [ 7.618597108536763, 45.044463472932456 ], [ 7.618934997283307, 45.044710144013521 ], [ 7.619355883282598, 45.044863443997222 ], [ 7.619825682449869, 45.044728465892327 ], [ 7.620214729084572, 45.044618426431505 ], [ 7.620356593144457, 45.044603438547483 ], [ 7.620863221124522, 45.045373936953965 ], [ 7.620908758114378, 45.045437830299058 ], [ 7.621212712002329, 45.045906145193385 ], [ 7.620749191624561, 45.046052970246684 ], [ 7.620612651247489, 45.046093776331773 ], [ 7.620423964836426, 45.046125175433716 ], [ 7.620276866233037, 45.046144776611094 ], [ 7.620225469950848, 45.046148505264235 ], [ 7.620167210348399, 45.046150807880309 ], [ 7.620074362618865, 45.046153999544686 ], [ 7.620020018457512, 45.046158652077871 ], [ 7.619926487885622, 45.046163783370723 ], [ 7.619466660623037, 45.046186219716873 ], [ 7.619419136481628, 45.046190874303292 ], [ 7.619014606893082, 45.046315922500355 ], [ 7.618855000938018, 45.046365542991069 ], [ 7.618730763729981, 45.046411645597658 ], [ 7.618639562224983, 45.046446391303064 ], [ 7.618574244684788, 45.046468155247602 ], [ 7.618429935385313, 45.046521152259601 ], [ 7.61790947538873, 45.046753447060034 ], [ 7.618061517471608, 45.047033489537952 ], [ 7.6184441875907, 45.047733550207759 ], [ 7.618479862411578, 45.047793684822764 ], [ 7.618741544052546, 45.048264893756965 ], [ 7.618771102936249, 45.048309030018721 ], [ 7.618709733532411, 45.048332758286243 ], [ 7.617921856358265, 45.048686222510831 ], [ 7.617592432416353, 45.048834199483736 ], [ 7.617403774707777, 45.048919562718659 ], [ 7.617359177000087, 45.048939319176284 ], [ 7.617570580144195, 45.049059960576166 ], [ 7.618204507276374, 45.049415582202201 ], [ 7.618254950685885, 45.049451496977163 ], [ 7.618846374894298, 45.049870818972465 ], [ 7.619339050591812, 45.050216762589457 ], [ 7.619796406906183, 45.050621896383035 ], [ 7.619937312307667, 45.050744216130141 ], [ 7.620068180189901, 45.050907222471594 ], [ 7.620187884802688, 45.051024505709037 ], [ 7.620253644131295, 45.051068527192569 ], [ 7.620673292085121, 45.051379246792912 ], [ 7.620856128351607, 45.051489288373439 ], [ 7.621592591878202, 45.051855505761004 ], [ 7.621712478574389, 45.051891305772614 ], [ 7.621815962024371, 45.051923283533974 ], [ 7.622210016213343, 45.052045530157081 ], [ 7.622772991241084, 45.052222094766378 ], [ 7.622814928308594, 45.052312997103613 ], [ 7.622898411388061, 45.052495554966853 ], [ 7.623015435305555, 45.052735064130175 ], [ 7.623177083747772, 45.053075659142017 ], [ 7.623454633341891, 45.053657372978108 ], [ 7.623483216836235, 45.053709025362892 ], [ 7.62351368997194, 45.053786037106363 ], [ 7.623981632220922, 45.054737576277347 ], [ 7.624214290532755, 45.055307828792408 ], [ 7.624230456598008, 45.055332767830379 ], [ 7.624659650143198, 45.056372813083527 ], [ 7.625037105987245, 45.057267114033756 ], [ 7.625078138994183, 45.057364979200855 ], [ 7.625102706117991, 45.057415831133248 ], [ 7.62512503837569, 45.057475886634656 ], [ 7.625224093228762, 45.057562833483537 ], [ 7.625322901305383, 45.057656062356983 ], [ 7.625251406091962, 45.058302721717254 ], [ 7.625099344902142, 45.059645238422263 ], [ 7.624286084941282, 45.059563835339922 ], [ 7.624155673852735, 45.059552997579146 ], [ 7.623635684891757, 45.059500068143947 ], [ 7.62314801112489, 45.059452048522552 ], [ 7.622850682124303, 45.059433439777251 ], [ 7.622125613536864, 45.059393191680449 ], [ 7.621699438811704, 45.05937705070636 ], [ 7.621157876383287, 45.059360401521886 ], [ 7.620454092346104, 45.059359521798058 ], [ 7.620239744679579, 45.059361591280719 ], [ 7.620014814663663, 45.059302786288505 ], [ 7.619979480860058, 45.059307732452744 ], [ 7.619869165056318, 45.059258270838761 ], [ 7.619803978333533, 45.059237110873077 ], [ 7.619665686584237, 45.05920991271131 ], [ 7.619592011023708, 45.059192590109717 ], [ 7.619523572083168, 45.059176588326515 ], [ 7.618809623461805, 45.059012134658801 ], [ 7.618767897516774, 45.059002674907696 ], [ 7.618619059353686, 45.058980406934118 ], [ 7.61684843420912, 45.059169902822035 ], [ 7.616598736333867, 45.059203154401935 ], [ 7.616176878536472, 45.059243629741871 ], [ 7.615702335864895, 45.059247130717551 ], [ 7.615106683926118, 45.059419339698394 ], [ 7.614849223803958, 45.059496762526514 ], [ 7.614356788412716, 45.059645732841844 ], [ 7.614138359092676, 45.059711545435334 ], [ 7.613964720658367, 45.059763285933968 ], [ 7.613825413664776, 45.059806065735714 ], [ 7.613792854269861, 45.059818051592551 ], [ 7.613666714164722, 45.059865092280631 ], [ 7.613015086308838, 45.060020471319838 ], [ 7.612763909535889, 45.06010196797412 ], [ 7.612702283724285, 45.06011508299008 ], [ 7.612645712067523, 45.060126869497829 ], [ 7.61253606978375, 45.060149627995649 ], [ 7.612180604176921, 45.060222903989334 ], [ 7.611964208967853, 45.060247662673902 ], [ 7.611915844013438, 45.060251231786225 ], [ 7.611867828164508, 45.060254598079936 ], [ 7.611736322468929, 45.060266556971982 ], [ 7.611660333291797, 45.060273444861977 ], [ 7.611585429330416, 45.060275902592046 ], [ 7.610923912928314, 45.060393697317771 ], [ 7.610508942737463, 45.060497095289207 ], [ 7.610429529604495, 45.060509141953311 ], [ 7.61034317485177, 45.060512395708379 ], [ 7.610265856876358, 45.060498357940816 ], [ 7.610212536012094, 45.060478530562001 ], [ 7.610129531969556, 45.060448654984036 ], [ 7.609974173107647, 45.060288583629074 ], [ 7.609931526375303, 45.060244293050111 ], [ 7.609906070548695, 45.060217777916215 ], [ 7.60984625030326, 45.060153639833118 ], [ 7.609793876320331, 45.060101734949697 ], [ 7.608957874527794, 45.060262825142566 ], [ 7.608122570022496, 45.060428013541781 ], [ 7.607699452594549, 45.060515156298806 ], [ 7.607614420309022, 45.060533617408218 ], [ 7.60762745709093, 45.060566047949976 ], [ 7.607747640134027, 45.060869699515294 ], [ 7.608085178142303, 45.061710607766891 ], [ 7.608106903612382, 45.061773956529478 ], [ 7.608433987363655, 45.062582757187705 ], [ 7.608444168612766, 45.06261544178372 ], [ 7.608687011221329, 45.063209938214442 ], [ 7.608853168636132, 45.063641918807669 ], [ 7.608889987572133, 45.063739170334912 ], [ 7.608950450396007, 45.063871235500869 ], [ 7.608979446033113, 45.063964000597259 ], [ 7.608998651373089, 45.06400715797264 ], [ 7.609109706988242, 45.064284351092439 ], [ 7.609356726053377, 45.064909055625868 ], [ 7.609380645973658, 45.064965248281055 ], [ 7.609392737333095, 45.065000707900296 ], [ 7.610145176584638, 45.065163276328342 ], [ 7.610265278153195, 45.065190635484512 ], [ 7.611073355259348, 45.065459282712531 ], [ 7.611129241827547, 45.065480105875928 ], [ 7.611204961628067, 45.065502567321197 ], [ 7.61128678815176, 45.065529146605705 ], [ 7.611396323896669, 45.065548532778529 ], [ 7.611489894000997, 45.065564827015336 ], [ 7.611640711631559, 45.065592912901614 ], [ 7.613007490659489, 45.065828777883404 ], [ 7.614003329518925, 45.066137180196122 ], [ 7.614091741168986, 45.066168049351411 ], [ 7.614150696469038, 45.066179335739058 ], [ 7.614146587768528, 45.066212741152725 ], [ 7.614055489834978, 45.066243085147399 ], [ 7.613952588466013, 45.066285942358029 ], [ 7.613862670630967, 45.066325367160424 ], [ 7.613772005007845, 45.066373440767947 ], [ 7.613738859801921, 45.066412866046242 ], [ 7.613687733729909, 45.066479206310419 ], [ 7.613555570745181, 45.066578561615145 ], [ 7.613437372468709, 45.066636839984341 ], [ 7.613273684176939, 45.066720083255341 ], [ 7.613208597624928, 45.066760295199096 ], [ 7.6131419953146, 45.066778772696537 ], [ 7.613080308216588, 45.066813506837342 ], [ 7.613057804289464, 45.066790340960651 ], [ 7.612870771443074, 45.066879931740473 ], [ 7.612710539801914, 45.066928237807339 ], [ 7.612502704915001, 45.066989809123413 ], [ 7.612425379287456, 45.067013870257107 ], [ 7.612294515457865, 45.067049479067194 ], [ 7.6116582010765, 45.067227479626538 ], [ 7.61156477862383, 45.067262839787084 ], [ 7.611469330895981, 45.067301466309381 ], [ 7.611404534138079, 45.067327060884331 ], [ 7.611369935724697, 45.067343000944717 ], [ 7.609809636613129, 45.067946687447403 ], [ 7.609770329438742, 45.067959022074781 ], [ 7.609703527459661, 45.067979344105417 ], [ 7.609602309387522, 45.068009933991554 ], [ 7.609544235282638, 45.068024344487078 ], [ 7.609489473878224, 45.068047982553203 ], [ 7.609382645442989, 45.06816323806904 ], [ 7.60935986116706, 45.068207088415285 ], [ 7.609357222773627, 45.068271512924454 ], [ 7.609293395294616, 45.068381712716302 ], [ 7.609253698914409, 45.068476749356201 ], [ 7.609238932786137, 45.068503883733349 ], [ 7.608957971835697, 45.069135853925076 ], [ 7.60868797842386, 45.069824331787565 ], [ 7.608496062258039, 45.070264933979558 ], [ 7.60845490289167, 45.070345969959362 ], [ 7.608422285097361, 45.07036273621776 ], [ 7.607969134909398, 45.070458968429207 ], [ 7.607900409464821, 45.070474911767917 ], [ 7.607798214815492, 45.070504742785168 ], [ 7.6071474802371, 45.070641062802757 ], [ 7.607077236477602, 45.070677809229316 ], [ 7.606957819112177, 45.070698427577959 ], [ 7.606618086904678, 45.070764206716788 ], [ 7.60606213635953, 45.070790711728492 ], [ 7.605638717535156, 45.070862719966065 ], [ 7.605257467198537, 45.070910601041675 ], [ 7.605213259677371, 45.070921320523539 ], [ 7.605174676801949, 45.070933574191912 ], [ 7.605078160307952, 45.070961708676577 ], [ 7.604816410706952, 45.071008424942491 ], [ 7.604740718298036, 45.071021707631061 ], [ 7.604529746394258, 45.071050860022652 ], [ 7.604407683460805, 45.071067574389225 ], [ 7.604027754965476, 45.07110995569893 ], [ 7.603914888797408, 45.071123399090176 ], [ 7.603528187229257, 45.071113624914751 ], [ 7.603482180454558, 45.071117092361888 ], [ 7.603506830131354, 45.071162433523064 ], [ 7.603547787385809, 45.071212317493334 ], [ 7.603575234689472, 45.071252487102456 ], [ 7.603649137666786, 45.071361211933464 ], [ 7.603681289478277, 45.071407476564978 ], [ 7.604290749713685, 45.072227937560562 ], [ 7.604339433187381, 45.072299026734036 ], [ 7.604382121213734, 45.072353022875284 ], [ 7.604665509053969, 45.072727511307363 ], [ 7.604744911923696, 45.072832572258314 ], [ 7.604798048204366, 45.072902919878366 ], [ 7.604973936734925, 45.073135870896508 ], [ 7.605466842538377, 45.073788788192537 ], [ 7.605483170024843, 45.073816415221344 ], [ 7.605542415151589, 45.073905194486088 ], [ 7.605575122720474, 45.073939489339743 ], [ 7.605627432569539, 45.073981427549406 ], [ 7.605683107773253, 45.074087304396294 ], [ 7.605729063747727, 45.074144000858382 ], [ 7.605756205552376, 45.074177940539613 ], [ 7.605790346674025, 45.074233591630701 ], [ 7.605839609620606, 45.074313020193678 ], [ 7.60637264316069, 45.075133532110804 ], [ 7.606416811029541, 45.075198309892649 ], [ 7.606440991393598, 45.075234377297384 ], [ 7.606475430532257, 45.075287541909958 ], [ 7.606494637366922, 45.075314871760064 ], [ 7.606583357661218, 45.075445097134228 ], [ 7.606645309079063, 45.075540904134513 ], [ 7.606726974538667, 45.075647057981328 ], [ 7.606964460615679, 45.075992122403541 ], [ 7.607399417598574, 45.076645779660197 ], [ 7.60741831413398, 45.076672948932782 ], [ 7.607528003597492, 45.076837872896903 ], [ 7.607632085453518, 45.076998048332435 ], [ 7.607798679694213, 45.077235451722935 ], [ 7.607844374559211, 45.077301412381509 ], [ 7.607969604219402, 45.077498477285751 ], [ 7.608387666723673, 45.078131411334944 ], [ 7.60856078288308, 45.078382669416975 ], [ 7.608654338394457, 45.078532450847746 ], [ 7.608752297627325, 45.0786820923147 ], [ 7.609067534977543, 45.079149859706135 ], [ 7.609684113318363, 45.080070105838779 ], [ 7.609906944218144, 45.080407274499073 ], [ 7.610736158271796, 45.081646783857614 ], [ 7.61078267908775, 45.081731787649275 ], [ 7.61081264821779, 45.081780609854555 ], [ 7.610842581825816, 45.081827806794337 ], [ 7.61085716988964, 45.081857517377344 ], [ 7.610989054566417, 45.082043730695489 ], [ 7.611207420999461, 45.08236215376067 ], [ 7.611355486274215, 45.082573502923161 ], [ 7.611404011957805, 45.082541635256483 ], [ 7.611438954708277, 45.082517896652625 ], [ 7.611427675227621, 45.082801098339445 ], [ 7.61141929945632, 45.083228653966898 ], [ 7.611406375864727, 45.083612997836454 ], [ 7.611400651063247, 45.084039995125046 ], [ 7.611340479645002, 45.084288336811184 ], [ 7.611320860946289, 45.084359486072614 ], [ 7.611303763890845, 45.084425309928058 ], [ 7.611294358956146, 45.084466348163566 ], [ 7.611239243545956, 45.084669188674219 ], [ 7.611221174940204, 45.084843887330521 ], [ 7.611204474658082, 45.085011038411785 ], [ 7.611147823084102, 45.085596996408078 ], [ 7.611140831385618, 45.085815223807543 ], [ 7.611138621923464, 45.085944974912685 ], [ 7.611145095049978, 45.085976423101222 ], [ 7.611182789441874, 45.086140086815931 ], [ 7.611204268781394, 45.086237681766711 ], [ 7.611218976798129, 45.086286246198831 ], [ 7.611675364908577, 45.086728537031973 ], [ 7.612358938179674, 45.087384743951716 ], [ 7.612602473143902, 45.087651895953179 ], [ 7.612798380291444, 45.087898645074716 ], [ 7.612945906375394, 45.088085731001499 ], [ 7.612991541706256, 45.088140619254013 ], [ 7.613260243737896, 45.088671661463529 ], [ 7.613348307467912, 45.088754967685553 ], [ 7.613555065971593, 45.088801316151574 ], [ 7.613797562148826, 45.088826080618865 ], [ 7.61445540447542, 45.088790533976102 ], [ 7.614609900200106, 45.088788642188035 ], [ 7.614774945566467, 45.088783970593759 ], [ 7.614941944505613, 45.088791213822859 ], [ 7.615285252342412, 45.088909961365445 ], [ 7.615415226569231, 45.088953085229988 ], [ 7.61545109985008, 45.088984016478065 ], [ 7.615547437692152, 45.089061943735864 ], [ 7.615681566312699, 45.089197072752768 ], [ 7.61580771722966, 45.089314756652129 ], [ 7.616158357517504, 45.089532199648296 ], [ 7.616280850285884, 45.089611208405131 ], [ 7.616779145135805, 45.089938113580239 ], [ 7.617320890808022, 45.090285733727299 ], [ 7.617551300389031, 45.09046230484487 ], [ 7.617717621509636, 45.090599522524386 ], [ 7.617773168783759, 45.09065184719811 ], [ 7.617791922317203, 45.090688598962835 ], [ 7.617888403330768, 45.090733709038219 ], [ 7.617929066263876, 45.090765688569007 ], [ 7.617982203734966, 45.09082378562421 ], [ 7.617998197283499, 45.090850948551768 ], [ 7.618042789930275, 45.090897617010349 ], [ 7.618065744423827, 45.090935551095953 ], [ 7.618089375439443, 45.090970358941732 ], [ 7.618115207875747, 45.091001410873091 ], [ 7.618182994567841, 45.091100069835029 ], [ 7.618205058223244, 45.091131319185919 ], [ 7.618249866745852, 45.091191130982551 ], [ 7.618261221877622, 45.091224151016647 ], [ 7.61827218804311, 45.091251168452011 ], [ 7.618294629585726, 45.091302269497348 ], [ 7.618314966665311, 45.09133677278362 ], [ 7.618329053372198, 45.091385316137696 ], [ 7.618344714882733, 45.091431161805581 ], [ 7.618355474277907, 45.091463015190456 ], [ 7.618367136821985, 45.091491987228018 ], [ 7.618371841374063, 45.091548374632161 ], [ 7.618375544440925, 45.091579733953211 ], [ 7.618380331859516, 45.091620143287749 ], [ 7.618386156950232, 45.091654622197872 ], [ 7.618386779259508, 45.091686521256385 ], [ 7.618392690931292, 45.09176626219481 ], [ 7.618374727465453, 45.091842692351548 ], [ 7.61837890331504, 45.092016494451293 ], [ 7.618912317227536, 45.093213242582891 ], [ 7.618961939240491, 45.093320302350513 ], [ 7.619000270018405, 45.093387657295217 ], [ 7.619223736015397, 45.094005115823045 ], [ 7.619267518271515, 45.094130580986452 ], [ 7.619422938311716, 45.094531165353274 ], [ 7.619468998179805, 45.094647269107483 ], [ 7.619505342765511, 45.094747531972885 ], [ 7.619556965800188, 45.094876867150447 ], [ 7.619602669435098, 45.095014422283342 ], [ 7.619642781170655, 45.095113165230075 ], [ 7.619526906055889, 45.095300549753013 ], [ 7.619511348819627, 45.095326293100861 ], [ 7.619186996208186, 45.095860515731438 ], [ 7.618814129544185, 45.096473617390409 ], [ 7.618731573907764, 45.096608240481295 ], [ 7.618705433586053, 45.096652034786402 ], [ 7.618662601974342, 45.096723715418939 ], [ 7.618174418520194, 45.097062650650685 ], [ 7.61814871567345, 45.0970808022524 ], [ 7.618015074927674, 45.097174006923609 ], [ 7.617989564345367, 45.097191981680744 ], [ 7.617904736246977, 45.097251418108762 ], [ 7.617857236340337, 45.097284959905856 ], [ 7.615140716751561, 45.099203451238196 ], [ 7.61507983448937, 45.099250005464185 ], [ 7.614786551168712, 45.099474654670018 ], [ 7.614682688367829, 45.099543388845703 ], [ 7.614609873403777, 45.099591724429182 ], [ 7.614583235348414, 45.099610980093956 ], [ 7.614431547222813, 45.09972105593134 ], [ 7.614273298432925, 45.099958757416651 ], [ 7.61424318214674, 45.100005665648126 ], [ 7.614218293518539, 45.100078049322732 ], [ 7.614196810172012, 45.100141541858612 ], [ 7.613898641533157, 45.101024593849154 ], [ 7.613803875039779, 45.101305767828933 ], [ 7.6136969748381, 45.101621470130347 ], [ 7.613663599514561, 45.101720520097857 ], [ 7.613676363105549, 45.10178474876836 ], [ 7.61363916727885, 45.101875643546265 ], [ 7.613420377938464, 45.102483467258004 ], [ 7.613360774061795, 45.102590096776467 ], [ 7.613349310675467, 45.102618800140242 ], [ 7.612571157350651, 45.104884878725308 ], [ 7.612491397944105, 45.105119584826319 ], [ 7.611832328825415, 45.107036002325749 ], [ 7.611798316407616, 45.1071321678508 ], [ 7.61186027559784, 45.107152240676278 ], [ 7.612260141605515, 45.1073039099144 ], [ 7.612616335083394, 45.107426559249099 ], [ 7.613360804337037, 45.107745991115515 ], [ 7.613794411811178, 45.107881062173732 ], [ 7.614042886597769, 45.107953739381919 ], [ 7.614068478044612, 45.107978946172658 ], [ 7.614096059373249, 45.108014953118484 ], [ 7.614107680021268, 45.10805320852041 ], [ 7.614129303022092, 45.108081089264459 ], [ 7.614162600538952, 45.108097364394595 ], [ 7.61419308692528, 45.108115501169159 ], [ 7.614247528105929, 45.108122582829473 ], [ 7.614306616945516, 45.108130811878354 ], [ 7.615156287681111, 45.108177996378558 ], [ 7.615653221262851, 45.108203722412313 ], [ 7.615793353317566, 45.108209698860641 ], [ 7.615828471676974, 45.108197526605551 ], [ 7.615898879904382, 45.108158143998182 ], [ 7.615941094802136, 45.108132789131083 ], [ 7.616121340869255, 45.108132057184584 ], [ 7.616427623837571, 45.108138833852671 ], [ 7.617153887273208, 45.108137909599158 ], [ 7.617737383398096, 45.108150230606341 ], [ 7.618345162918169, 45.108145178304198 ], [ 7.618567341113658, 45.108151998243969 ], [ 7.618767879365648, 45.10815773773092 ], [ 7.618878550122957, 45.108135172200718 ], [ 7.619005940931276, 45.108078230311612 ], [ 7.619198805320186, 45.108068346392606 ], [ 7.61947830026599, 45.108017880898714 ], [ 7.619704744179025, 45.107998017664713 ], [ 7.619821095801898, 45.107999316048492 ], [ 7.619933043383919, 45.107987140359221 ], [ 7.62009079762368, 45.107947546052188 ], [ 7.620164857432733, 45.107940492460408 ], [ 7.620211717389432, 45.107941369268154 ], [ 7.620573269923547, 45.108013398398903 ], [ 7.620620548039451, 45.108013911018134 ], [ 7.620915847402578, 45.108074544529984 ], [ 7.621025564377076, 45.108092914413454 ], [ 7.621092984008055, 45.108110548377233 ], [ 7.621185778236957, 45.108127582226636 ], [ 7.62131686453581, 45.108141970034318 ], [ 7.621397426531446, 45.108156036668092 ], [ 7.62160753275106, 45.108207317672999 ], [ 7.6217836085844, 45.108235248365411 ], [ 7.62200519138599, 45.108276823731238 ], [ 7.622097955250695, 45.108298628306002 ], [ 7.622650479826173, 45.108392142422439 ], [ 7.622653740929016, 45.108498554672011 ], [ 7.622691064463386, 45.108521962962122 ], [ 7.622664354351258, 45.108789096607012 ], [ 7.622645242114328, 45.10951539814279 ], [ 7.622632817042376, 45.109651694239275 ], [ 7.622615840196922, 45.109893180393833 ], [ 7.622608440770194, 45.109930525853279 ], [ 7.622602794113384, 45.109979189662646 ], [ 7.622617754414916, 45.110118146639415 ], [ 7.62261048221433, 45.110188460773301 ], [ 7.622595506228073, 45.112065126721689 ], [ 7.622592154642386, 45.11336385769723 ], [ 7.622593734053742, 45.113392794883858 ], [ 7.622612928977574, 45.113487450322523 ], [ 7.622649810991839, 45.113540862427207 ], [ 7.622702068866383, 45.113610788261539 ], [ 7.622752982570239, 45.113679890401386 ], [ 7.622861392830457, 45.113765206785558 ], [ 7.622910445139247, 45.113809543284937 ], [ 7.623836927457821, 45.113758706074876 ], [ 7.624500490473468, 45.113722362258308 ], [ 7.62481988352486, 45.113698443317027 ], [ 7.625191353679857, 45.113668454095851 ], [ 7.625248102470931, 45.11366246253494 ], [ 7.625408335301574, 45.113650657565017 ], [ 7.625605396097597, 45.113634051228317 ], [ 7.62641780770665, 45.113565419723017 ], [ 7.626770846983864, 45.113544879635434 ], [ 7.626825744052996, 45.113541502534829 ], [ 7.627142978298492, 45.113522171731631 ], [ 7.627272103042867, 45.113512903100045 ], [ 7.627391523018345, 45.11350658726284 ], [ 7.627536370097278, 45.11349407495581 ], [ 7.627648223111054, 45.113486543580187 ], [ 7.62783292613104, 45.113477766730625 ], [ 7.62872594514351, 45.113409808357837 ], [ 7.628975558321661, 45.113389543356902 ], [ 7.629405919671222, 45.113351486991924 ], [ 7.629516048991701, 45.113342545025745 ], [ 7.629692914246516, 45.113325459696561 ], [ 7.629822498227865, 45.113313752415038 ], [ 7.630039127049224, 45.11329236014894 ], [ 7.630304996913828, 45.113266715193021 ], [ 7.630989048461357, 45.113203418422174 ], [ 7.631026579686326, 45.113201716064957 ], [ 7.632209524156243, 45.113090725379969 ], [ 7.633542110296965, 45.112968972920505 ], [ 7.633592098355336, 45.112962969220234 ], [ 7.634333771193522, 45.112894299927504 ], [ 7.634764526976983, 45.112861254653183 ], [ 7.635048502703775, 45.112839481535566 ], [ 7.635212399853859, 45.112827048575085 ], [ 7.635895409404201, 45.112774755095977 ], [ 7.636415029799125, 45.112734995736851 ], [ 7.637633632612156, 45.112641692220819 ], [ 7.637762922441457, 45.112631795269465 ], [ 7.637834764899371, 45.112627319675504 ], [ 7.63789516362294, 45.112621706533204 ], [ 7.638028221219225, 45.11261197935012 ], [ 7.639027693233345, 45.112538835898498 ], [ 7.639178178787867, 45.112522247815058 ], [ 7.640660709575633, 45.112420517667609 ], [ 7.640707791301057, 45.112417201083623 ], [ 7.640796971919875, 45.112412952522185 ], [ 7.641019739597446, 45.112394409331301 ], [ 7.643328669352755, 45.112229531934069 ], [ 7.643701225170942, 45.112202862023693 ], [ 7.643820344651162, 45.112194656663519 ], [ 7.644041561676557, 45.112180800676725 ], [ 7.644296304634063, 45.112162594779967 ], [ 7.64445361006951, 45.112151988562275 ], [ 7.64518587846857, 45.112100731937502 ], [ 7.645376217291, 45.112078799692831 ], [ 7.645645894423462, 45.112052633062305 ], [ 7.645896463139048, 45.112041719516995 ], [ 7.646135476230201, 45.112026545608963 ], [ 7.64644132763589, 45.11202254883375 ], [ 7.646568071352875, 45.112032415589681 ], [ 7.647295827647044, 45.112127544211738 ], [ 7.647688797056997, 45.112155579034429 ], [ 7.64790202840671, 45.112157699027875 ], [ 7.648142822318461, 45.112151039660873 ], [ 7.648304736871923, 45.112141446790716 ], [ 7.649926307887164, 45.112129982303493 ], [ 7.650606200875207, 45.112224368176491 ], [ 7.653265121092772, 45.112604111119978 ], [ 7.653532788725792, 45.112642313314772 ], [ 7.653613443607341, 45.11265384590498 ], [ 7.653745515933414, 45.11267455522232 ], [ 7.653869661083215, 45.112675726245413 ], [ 7.654487985011366, 45.112782376087054 ], [ 7.654523620943952, 45.114788586409048 ], [ 7.654653469354057, 45.114880889098927 ], [ 7.654336543303246, 45.115162584912085 ], [ 7.654075810084769, 45.11539848145042 ], [ 7.653499155805944, 45.115917868632657 ], [ 7.65341749679425, 45.115996769208202 ], [ 7.653384772449321, 45.116023720709769 ], [ 7.653038311624588, 45.11635360019114 ], [ 7.652982662576395, 45.117045663411567 ], [ 7.652978786380584, 45.117117511047688 ], [ 7.652974251112568, 45.117185435147668 ], [ 7.652918039072311, 45.117847210623054 ], [ 7.652916156438923, 45.11792861371535 ], [ 7.652912350949353, 45.117999394565679 ], [ 7.652903850072622, 45.118168611732898 ], [ 7.652891501999757, 45.118423990531163 ], [ 7.652868591634193, 45.118825251223257 ], [ 7.652857945594708, 45.119001921706328 ], [ 7.652823642750234, 45.119562914429046 ], [ 7.652818044498009, 45.119652862224349 ], [ 7.652812175285803, 45.119746542545101 ], [ 7.652806135703016, 45.119828823745948 ], [ 7.652760813207756, 45.120401160884292 ], [ 7.652754957467848, 45.120456826988487 ], [ 7.652749341623868, 45.120515966994354 ], [ 7.652729189897541, 45.120737175706644 ], [ 7.65272690660242, 45.120790369769686 ], [ 7.652725907471158, 45.120857824241199 ], [ 7.652724937117645, 45.120920653056075 ], [ 7.65272272610857, 45.12105309390806 ], [ 7.65272016328154, 45.121137985205024 ], [ 7.652719612740603, 45.121201343771759 ], [ 7.652716792557933, 45.121312399193407 ], [ 7.652715186380009, 45.121375392434743 ], [ 7.652708545766172, 45.121633780187373 ], [ 7.65268805591796, 45.122281761888324 ], [ 7.652687170417773, 45.122445818958163 ], [ 7.652685895224789, 45.122560696720782 ], [ 7.652616190753549, 45.123225731118616 ], [ 7.653618808154765, 45.123854818178536 ], [ 7.653671537242408, 45.123905251005951 ], [ 7.653699273872975, 45.12392641075121 ], [ 7.653742372520633, 45.123971544999264 ], [ 7.653870234766133, 45.124116507691021 ], [ 7.653962797681846, 45.124224684417911 ], [ 7.654128732155825, 45.124404096059649 ], [ 7.65420608524945, 45.124491585556456 ], [ 7.654276478932762, 45.124576174538404 ], [ 7.654435015192619, 45.124750113696315 ], [ 7.654514904873526, 45.124842733253075 ], [ 7.654618563795731, 45.124962405771335 ], [ 7.65466658490344, 45.125014407472953 ], [ 7.65488239622204, 45.125252116647637 ], [ 7.655110537405441, 45.125508049709936 ], [ 7.655957150056739, 45.126444108187656 ], [ 7.656074340775533, 45.12657455437018 ], [ 7.656157301582174, 45.126666895633797 ], [ 7.656299775559102, 45.126825482388661 ], [ 7.6569101621247, 45.127510060023582 ], [ 7.657119103433173, 45.127741814934645 ], [ 7.657112208465646, 45.12816365312046 ], [ 7.657091177327481, 45.128196745499636 ], [ 7.657061583660196, 45.128248232131 ], [ 7.656868415139944, 45.128582823851509 ], [ 7.656671779874213, 45.12892642748379 ], [ 7.656572825302146, 45.129004754907086 ], [ 7.656242954433419, 45.129281963326441 ], [ 7.656174583925242, 45.129338873320805 ], [ 7.656082793676035, 45.129417094690474 ], [ 7.655939932173297, 45.129507277674655 ], [ 7.655754964405668, 45.129621163254058 ], [ 7.655347149981022, 45.129143642137507 ], [ 7.655327685470708, 45.129113096000331 ], [ 7.655201405723359, 45.12918824420187 ], [ 7.65501043302305, 45.129300713002117 ], [ 7.654960607808605, 45.129330056867829 ], [ 7.654794722049682, 45.129427515162853 ], [ 7.654759522149283, 45.129448196036087 ], [ 7.654612569276845, 45.1295356016347 ], [ 7.654916488847606, 45.129938953352983 ], [ 7.654857663587543, 45.129990954726175 ], [ 7.6551818084001, 45.130315791439202 ], [ 7.65520923996954, 45.130345052358123 ], [ 7.655227947703675, 45.1303705324259 ], [ 7.655271047462354, 45.130413870216351 ], [ 7.655322711208928, 45.130458921048984 ], [ 7.655027005315401, 45.130760182047645 ], [ 7.654344507749981, 45.131461695132465 ], [ 7.654378828187827, 45.131510964549086 ], [ 7.654748641823543, 45.131989357309521 ], [ 7.65543818777196, 45.132873723768668 ], [ 7.655601672351557, 45.133083349054907 ], [ 7.655738370650649, 45.13325149298349 ], [ 7.655673652134779, 45.133266791956089 ], [ 7.655639052530778, 45.133274069386488 ], [ 7.655552383336094, 45.133290357498318 ], [ 7.655504519128697, 45.133306197780549 ], [ 7.655378631163433, 45.133369698008053 ], [ 7.655323815292829, 45.1333950152856 ], [ 7.655233131415889, 45.133436007917666 ], [ 7.655155160863695, 45.133465701815894 ], [ 7.655070527750247, 45.133499498488945 ], [ 7.655015735735404, 45.133562846380393 ], [ 7.654988390022114, 45.133589647375402 ], [ 7.654824140350565, 45.133682762681218 ], [ 7.654715331083034, 45.133778360069961 ], [ 7.654687582446284, 45.133801571758859 ], [ 7.654608177102609, 45.133833406090723 ], [ 7.654567475423398, 45.133850351164057 ], [ 7.654484626634581, 45.133921957657435 ], [ 7.654289464410287, 45.134026293151059 ], [ 7.654206490653824, 45.134131027907792 ], [ 7.654183015697712, 45.134160308392666 ], [ 7.654156903157713, 45.134195532228894 ], [ 7.654107952710834, 45.134227925890741 ], [ 7.653991682185104, 45.134275474361722 ], [ 7.653859589643798, 45.134406085021112 ], [ 7.653758719138564, 45.134459276144092 ], [ 7.653658861048691, 45.134529477966225 ], [ 7.653564507648597, 45.134554367827747 ], [ 7.6534702388082, 45.134609431480023 ], [ 7.653386020108379, 45.134648469886692 ], [ 7.653361586220572, 45.134719865149165 ], [ 7.653240590841922, 45.134756764804671 ], [ 7.653178483380921, 45.134790973365071 ], [ 7.653122705846494, 45.134820790800305 ], [ 7.653029098724224, 45.134860676886959 ], [ 7.652878886876398, 45.135004000034016 ], [ 7.653548419013512, 45.135001914753794 ], [ 7.653790381102715, 45.134994207665635 ], [ 7.655884352921368, 45.13489462875733 ], [ 7.656134042313665, 45.134859928680413 ], [ 7.656201897259304, 45.134873170312105 ], [ 7.656813677890234, 45.134791773298083 ], [ 7.65733411645398, 45.1347522192222 ], [ 7.657563914922278, 45.134759690142545 ], [ 7.658530008463177, 45.134946919362015 ], [ 7.658930311028447, 45.134959456442218 ], [ 7.659481335220302, 45.134975834709373 ], [ 7.660649175703123, 45.135058972462254 ], [ 7.660800579044819, 45.135068631017894 ], [ 7.661630499683374, 45.134869495214836 ], [ 7.662257910675449, 45.134568413972637 ], [ 7.663109965877635, 45.134158430916131 ], [ 7.663411016925858, 45.134012944220558 ], [ 7.663449891307334, 45.134131101264884 ], [ 7.663756339201658, 45.135257711029574 ], [ 7.663702621378036, 45.135267625224429 ], [ 7.662624969248599, 45.135436710438327 ], [ 7.661957727046756, 45.135583141863435 ], [ 7.661773548789774, 45.135706811398421 ], [ 7.661116782163211, 45.136157051687178 ], [ 7.661145739037045, 45.136347333787029 ], [ 7.661149663489073, 45.136374682015123 ], [ 7.661156491080542, 45.136410253145606 ], [ 7.661292271449189, 45.136808043115238 ], [ 7.661330148686088, 45.136907068586652 ], [ 7.661398209007341, 45.137056041040779 ], [ 7.661562409062253, 45.137418881565608 ], [ 7.661593266043635, 45.137486404158352 ], [ 7.661614368865587, 45.137532368524624 ], [ 7.661682359778745, 45.137680401101086 ], [ 7.661717473860937, 45.137756840242616 ], [ 7.661797002776201, 45.137925615599151 ], [ 7.661971826066645, 45.138248671768267 ], [ 7.662163919036007, 45.138599800196999 ], [ 7.662180964269949, 45.138626891623069 ], [ 7.662277706403581, 45.138822866231052 ], [ 7.662304718422417, 45.138876374709866 ], [ 7.662408154557488, 45.13908254914579 ], [ 7.662453306084156, 45.139168481805903 ], [ 7.662736762784076, 45.139345965084978 ], [ 7.662838651030166, 45.139409153957189 ], [ 7.663005239867992, 45.139511417907663 ], [ 7.663186939059496, 45.139549148787545 ], [ 7.66327655125404, 45.139565780711052 ], [ 7.663290088446532, 45.139889361766613 ], [ 7.663295940465773, 45.13997306339359 ], [ 7.663644089228324, 45.139923888673025 ], [ 7.663715159184755, 45.139930778536318 ], [ 7.66382566167806, 45.140008116302681 ], [ 7.663841190629599, 45.140031945514124 ], [ 7.663874497953176, 45.140072660224085 ], [ 7.663959875492091, 45.140139997321512 ], [ 7.66403607857065, 45.140175335747131 ], [ 7.664220860770462, 45.140202187369312 ], [ 7.664602385389451, 45.140165075374391 ], [ 7.664726628806895, 45.140135781132138 ], [ 7.664851259343886, 45.140080961521065 ], [ 7.665033550513061, 45.139950791015401 ], [ 7.665059665997241, 45.139932272840447 ], [ 7.665118054936818, 45.139895637922614 ] ] ], [ [ [ 7.748361635754911, 45.124623520965791 ], [ 7.748416564951431, 45.124575342619224 ], [ 7.748619078663507, 45.12439894332676 ], [ 7.748817139187437, 45.124222556088554 ], [ 7.74918991482896, 45.123875200446129 ], [ 7.749296523628074, 45.12369833629586 ], [ 7.749418869834762, 45.123338736284857 ], [ 7.749501008144046, 45.12293961296723 ], [ 7.749638783396528, 45.122274755327389 ], [ 7.749467486550959, 45.122011636461302 ], [ 7.749085256933999, 45.121598826750812 ], [ 7.749031503569306, 45.121535367037261 ], [ 7.748983110119561, 45.121484041853236 ], [ 7.748949383016122, 45.121448084870821 ], [ 7.748919233522846, 45.12138864462603 ], [ 7.748865037115435, 45.12127200579441 ], [ 7.748825417997172, 45.12115067201789 ], [ 7.748764255646217, 45.120947835349135 ], [ 7.748675214359566, 45.120847181571179 ], [ 7.748550188847733, 45.12069963757088 ], [ 7.74821360090225, 45.120431222391282 ], [ 7.748135742201534, 45.120378834787353 ], [ 7.748061203566051, 45.120330509108719 ], [ 7.747560661771742, 45.119965575315454 ], [ 7.746618424383627, 45.119294727808999 ], [ 7.74649702195502, 45.119213960219284 ], [ 7.746236169424825, 45.11903574430174 ], [ 7.745884645733589, 45.118829387251431 ], [ 7.74536771901164, 45.118524390055057 ], [ 7.744630640452204, 45.118094537710014 ], [ 7.744526388573764, 45.118029056981705 ], [ 7.744375465735422, 45.117938911296243 ], [ 7.743385547221418, 45.117284249517695 ], [ 7.743244650383329, 45.117383299752468 ], [ 7.742220336945301, 45.11810392590845 ], [ 7.741995110252484, 45.118265964381592 ], [ 7.740604215472261, 45.119266879426 ], [ 7.74054112431601, 45.11936090443487 ], [ 7.740446258169005, 45.119462572473992 ], [ 7.741503138879132, 45.12013873032582 ], [ 7.741814250099375, 45.120333707636284 ], [ 7.741956343923588, 45.120439226196012 ], [ 7.743111972621056, 45.12128165595783 ], [ 7.74309409215234, 45.121382908767529 ], [ 7.742877517830801, 45.122230737274236 ], [ 7.74286846260247, 45.122274368035733 ], [ 7.742965836645292, 45.122272794376542 ], [ 7.743122413095691, 45.12233449467935 ], [ 7.743455442734563, 45.122524688423979 ], [ 7.74352283701691, 45.122594674080005 ], [ 7.743578336805315, 45.122652309862879 ], [ 7.743628892737171, 45.122700578025253 ], [ 7.743727831422046, 45.122796959848216 ], [ 7.744297568016139, 45.12356239696404 ], [ 7.744471389318091, 45.123735240448887 ], [ 7.744515049819602, 45.123775988858164 ], [ 7.744558064596426, 45.123807687906243 ], [ 7.745381552603853, 45.124376874311409 ], [ 7.745689393972076, 45.1245506653174 ], [ 7.746020931093089, 45.124671715283391 ], [ 7.746540622503665, 45.124274801292081 ], [ 7.746899816803396, 45.124001326231308 ], [ 7.746970646691905, 45.123948523337759 ], [ 7.747021292157719, 45.123910877492534 ], [ 7.747047149076743, 45.12389059493993 ], [ 7.747116518643514, 45.123837748926469 ], [ 7.748361635754911, 45.124623520965791 ] ] ] ] } }
]
}
